group,word
味道-甜,甜丝丝
味道-甜,甜滋滋
味道-甜,甘甜
味道-甜,香甜
味道-甜,蜜甜
味道-甜,清甜
味道-甜,爽甜
味道-酸,酸溜溜
味道-酸,酸酸的
味道-酸,酸甜
味道-酸,酸涩
味道-苦,苦涩
味道-苦,苦味
味道-苦,微苦
味道-苦,辛苦
味道-辣,火辣辣
味道-辣,辛辣
味道-辣,麻辣
味道-辣,香辣
味道-辣,酸辣
味道-咸,咸津津
味道-咸,咸味
味道-咸,咸咸的
味道-鲜,鲜美
味道-鲜,鲜嫩
味道-鲜,鲜甜
味道-鲜,新鲜
味道-鲜,鲜美可口
味道-综合,酸甜可口
味道-综合,香甜可口
味道-综合,清脆爽口
味道-综合,回味无穷
味道-综合,垂涎欲滴
味道-综合,津津有味
味道-综合,唇齿留香
味道-综合,色香味俱全
味道-综合,有滋有味
味道-综合,爽口
味道-综合,美味
味道-综合,可口
味道-综合,诱人
味道-综合,地道
味道-综合,清淡
味道-综合,浓郁
气味,清香
气味,幽香
气味,芳香
气味,芬芳
气味,馨香
气味,浓郁
气味,淡雅
气味,沁人心脾
气味,香气扑鼻
气味,芬芳扑鼻
气味,清香四溢
气味,浓郁芬芳
气味,暗香浮动
气味,香气袭人
气味,香飘十里
气味,臭烘烘
气味,腥臭
气味,酸臭
气味,恶臭
气味,腐臭
气味,淡淡的
气味,浓浓
气味,清新
气味,甜香
