group,idiom,explanation,example
外貌描写-面容,眉清目秀,形容人容貌清秀俊美，眉毛和眼睛长得很好看。,小表妹长得眉清目秀，谁见了都喜欢。
外貌描写-面容,相貌堂堂,形容人的仪表端庄威武，气度不凡。,他穿着一身军装，显得相貌堂堂。
外貌描写-面容,虎头虎脑,形容男孩子长得壮实憨厚，看起来很可爱。,那个小弟弟虎头虎脑的，特别招人喜欢。
外貌描写-面容,慈眉善目,形容人和蔼可亲，面容慈祥善良。,邻居奶奶慈眉善目的，总是笑眯眯地看着我们。
外貌描写-面容,面红耳赤,形容因激动、害羞或生气而脸和耳朵都红了。,他急得面红耳赤，半天说不出话来。
外貌描写-面容,唇红齿白,形容人嘴唇红润，牙齿洁白，容貌俊美。,这个小男孩唇红齿白的，像个瓷娃娃。
外貌描写-面容,面黄肌瘦,形容人脸色发黄，身体消瘦，营养不良的样子。,流浪的小猫面黄肌瘦的，看着真让人心疼。
外貌描写-面容,鹤发童颜,形容老人头发花白但脸色红润，精神很好。,爷爷鹤发童颜，每天早晨都去公园打太极。
外貌描写-面容,油头粉面,形容人打扮得过分油腻花哨，让人不太舒服。,他打扮得油头粉面的，同学们都觉得好笑。
外貌描写-面容,蓬头垢面,形容人头发散乱，脸上很脏，没有收拾。,他刚打完球回来，蓬头垢面的，赶紧去洗了把脸。
外貌描写-面容,浓眉大眼,形容人眉毛又浓又黑，眼睛又大又亮。,那个小男孩浓眉大眼的，一看就很有精神。
外貌描写-面容,尖嘴猴腮,形容人长相瘦削刻薄，不太好看。,故事里的坏蛋总是尖嘴猴腮的，让人一看就觉得讨厌。
外貌描写-面容,国色天香,形容女子容貌极其美丽动人。,牡丹花被称为国色天香，就像美丽的姑娘一样。
外貌描写-面容,如花似玉,形容女子像花和玉一样美丽。,姐姐穿上这件裙子，真是如花似玉。
外貌描写-身材,虎背熊腰,形容人身材魁梧强壮，后背像老虎、腰像熊一样。,爸爸虎背熊腰的，站在我面前像一座小山。
外貌描写-身材,弱不禁风,形容人身体虚弱，连风吹都受不了。,她生病后弱不禁风的，走几步路就喘气。
外貌描写-身材,骨瘦如柴,形容人非常消瘦，像干柴一样。,那只小狗骨瘦如柴的，一定很久没吃东西了。
外貌描写-身材,大腹便便,形容人肚子很大，胖胖的样子。,财主大腹便便的，走起路来一摇一摆。
外貌描写-身材,亭亭玉立,形容女子身材细长，姿态优美，像亭子一样挺拔。,几年不见，她已经长成亭亭玉立的大姑娘了。
外貌描写-身材,身材魁梧,形容人身材高大强壮。,警察叔叔身材魁梧，让人很有安全感。
外貌描写-身材,文质彬彬,形容人举止文雅，有礼貌，有修养。,他文质彬彬的，说话总是轻声细语。
外貌描写-身材,风度翩翩,形容人举止潇洒，有风度，很有魅力。,那位老师风度翩翩，同学们都很喜欢他。
外貌描写-身材,矮小精悍,形容人个子不高但很精明能干。,别看他矮小精悍，跑步可是全班第一名。
外貌描写-身材,婀娜多姿,形容女子姿态柔软优美，像柳条一样轻盈。,柳树在风中婀娜多姿，就像在跳舞一样。
外貌描写-衣着,衣冠楚楚,形容人穿戴整齐漂亮，很有精神。,爸爸今天衣冠楚楚地去参加毕业典礼了。
外貌描写-衣着,西装革履,形容人穿着西装和皮鞋，打扮正式。,叔叔西装革履地来参加我的生日宴会。
外貌描写-衣着,衣衫褴褛,形容人衣服破破烂烂，很穷苦的样子。,故事里的乞丐衣衫褴褛，让人同情。
外貌描写-衣着,花枝招展,形容女子打扮得非常漂亮鲜艳，像花枝一样。,春天到了，姑娘们穿得花枝招展的。
外貌描写-衣着,珠光宝气,形容人佩戴很多珠宝首饰，非常华丽。,公主浑身珠光宝气，闪闪发光。
外貌描写-衣着,朴素大方,形容穿戴简单不花哨，但很大方得体。,妈妈穿得朴素大方，看起来很舒服。
外貌描写-衣着,穿红戴绿,形容人穿得色彩鲜艳，很喜庆。,过年了，孩子们穿红戴绿的，特别热闹。
神态描写-喜悦,眉开眼笑,形容人非常高兴，眉毛舒展，眼睛都在笑。,听到这个好消息，奶奶眉开眼笑的。
神态描写-喜悦,笑逐颜开,形容人满脸笑容，非常开心快乐。,拿到奖状后，他笑逐颜开地跑回了家。
神态描写-喜悦,喜上眉梢,形容喜悦的心情从眉毛上就能看出来。,听说要去动物园，妹妹喜上眉梢。
神态描写-喜悦,眉飞色舞,形容人非常得意或高兴，眉毛都飞起来的样子。,他眉飞色舞地讲着旅行中的趣事。
神态描写-喜悦,喜笑颜开,形容人心里高兴，满脸笑容。,收到生日礼物后，她喜笑颜开的。
神态描写-喜悦,欣喜若狂,形容高兴到了极点，像发狂一样。,得知自己考了第一名，他欣喜若狂。
神态描写-喜悦,笑容可掬,形容人笑容满面，非常和蔼可亲。,老师笑容可掬地走进教室，我们都不紧张了。
神态描写-喜悦,开怀大笑,形容心情非常舒畅，放声大笑。,听到这个笑话，大家忍不住开怀大笑。
神态描写-喜悦,捧腹大笑,形容笑得肚子都疼了，用手捂着肚子笑。,小品演到精彩处，观众们捧腹大笑。
神态描写-喜悦,乐不可支,形容快乐到了极点，快要支撑不住了。,拿到新玩具，小弟弟乐不可支。
神态描写-喜悦,兴高采烈,形容人兴致很高，情绪热烈饱满。,同学们兴高采烈地去春游。
神态描写-喜悦,喜出望外,形容遇到意料之外的好事，特别高兴。,没想到能见到偶像，她喜出望外。
神态描写-愤怒,火冒三丈,形容人非常愤怒，像火苗蹿了三丈高。,看到他弄坏了玩具，爸爸火冒三丈。
神态描写-愤怒,怒发冲冠,形容愤怒到极点，头发都竖起来把帽子顶起来了。,听到这种不公平的事，他怒发冲冠。
神态描写-愤怒,勃然大怒,形容人突然变脸，非常生气。,老师听到有人在打架，勃然大怒。
神态描写-愤怒,怒气冲冲,形容满脸怒气，非常生气的样子。,他怒气冲冲地走进办公室。
神态描写-愤怒,咬牙切齿,形容非常痛恨或生气，把牙齿咬得咯咯响。,他气得咬牙切齿，握紧了拳头。
神态描写-愤怒,怒目而视,形容用愤怒的眼神瞪着别人。,他对那个说谎的人怒目而视。
神态描写-愤怒,忍无可忍,形容忍耐到了极限，再也忍不住了。,他三番五次地捣乱，我终于忍无可忍了。
神态描写-愤怒,愤愤不平,形容心中不服气，感到气愤。,看到有人插队，大家都很愤愤不平。
神态描写-愤怒,恼羞成怒,形容因羞愧而发怒。,他被人揭穿了谎言，恼羞成怒。
神态描写-愤怒,气急败坏,形容非常生气，手忙脚乱的样子。,他输掉比赛后气急败坏地摔了东西。
神态描写-悲伤,泪流满面,形容流了很多眼泪，满脸都是泪水。,看到感人的电影，她泪流满面。
神态描写-悲伤,泣不成声,形容哭得太厉害，话都说不出来了。,抱着获奖证书，她激动得泣不成声。
神态描写-悲伤,伤心欲绝,形容伤心到了极点，像要死了一样。,失去心爱的宠物，她伤心欲绝。
神态描写-悲伤,痛哭流涕,形容非常伤心地大声哭泣。,做错了事，他后悔得痛哭流涕。
神态描写-悲伤,泪如雨下,形容眼泪像雨一样哗哗地流下来。,听到这个坏消息，她泪如雨下。
神态描写-悲伤,唉声叹气,形容因伤心、烦闷而发出叹息声。,考试没考好，他坐在那里唉声叹气的。
神态描写-悲伤,愁眉苦脸,形容非常忧愁苦恼的样子，眉头紧锁。,他愁眉苦脸地看着那张不及格的试卷。
神态描写-悲伤,潸然泪下,形容无声地流下眼泪。,读到这个感人的故事，我潸然泪下。
神态描写-悲伤,黯然神伤,形容心情沮丧，神情悲伤，无精打采。,听到朋友要搬走的消息，他黯然神伤。
神态描写-悲伤,悲痛欲绝,形容悲哀伤心到了极点。,听到爷爷去世的消息，他悲痛欲绝。
神态描写-惊讶,目瞪口呆,形容非常惊讶，张着嘴说不出话来。,看到魔术师的表演，孩子们目瞪口呆。
神态描写-惊讶,大吃一惊,形容非常吃惊，出乎意料。,看到自己的书包被画得乱七八糟，我大吃一惊。
神态描写-惊讶,呆若木鸡,形容因害怕或惊讶而发愣的样子，像木头鸡一样。,听到这个消息，他呆若木鸡地站在原地。
神态描写-惊讶,瞠目结舌,形容瞪着眼睛说不出话来，非常震惊。,看到他的画作如此精美，评委们瞠目结舌。
神态描写-惊讶,惊愕万分,形容非常震惊，完全出乎意料。,看到妈妈出现在校门口，我惊愕万分。
神态描写-惊讶,大惊失色,形容非常惊讶，脸色都变了。,听到考试取消的消息，大家都大惊失色。
神态描写-惊讶,难以置信,形容很难相信，让人不敢相信。,他居然能举起这么重的石头，真是难以置信。
神态描写-惊讶,张口结舌,形容张着嘴说不出话来，非常吃惊或理屈词穷。,被老师一问，他张口结舌，答不上来。
神态描写-害怕,提心吊胆,形容非常担心害怕，心像吊起来一样。,第一次上台演讲，我提心吊胆的。
神态描写-害怕,心惊胆战,形容非常害怕，心脏和胆都在发抖。,站在玻璃栈道上，我吓得心惊胆战。
神态描写-害怕,惊慌失措,形容害怕紧张，不知道该怎么办才好。,地震来临时，大家惊慌失措。
神态描写-害怕,魂飞魄散,形容极度恐惧，魂和魄都飞走了。,突然一声巨响，吓得他魂飞魄散。
神态描写-害怕,惊恐万状,形容极度恐惧，显出各种害怕的样子。,老鼠一出现，小猫吓得惊恐万状。
神态描写-害怕,忐忑不安,形容心神不定，担心害怕，七上八下的。,等成绩的时候，我忐忑不安。
神态描写-害怕,心有余悸,形容危险过后，心里还感到后怕。,想起刚才差点摔倒，我心有余悸。
神态描写-害怕,坐立不安,形容心里有事，坐着站着都不安稳。,考试前他坐立不安，一直走来走去。
神态描写-害怕,不寒而栗,形容不是因为冷而发抖，而是害怕得浑身发抖。,走进那间黑屋子，我不寒而栗。
神态描写-害怕,闻风丧胆,形容听到一点风声就吓破了胆。,敌人听到解放军来了，闻风丧胆。
神态描写-羞愧,面红耳赤,形容因羞愧、着急而脸红到脖子。,被老师批评后，他面红耳赤地低下了头。
神态描写-羞愧,无地自容,形容羞愧到极点，觉得没有地方可以躲藏。,知道自己说谎被发现了，他无地自容。
神态描写-羞愧,自惭形秽,形容因为自己不如别人而感到惭愧。,看到别人都那么优秀，他不禁自惭形秽。
神态描写-羞愧,羞愧难当,形容非常羞愧，难以忍受。,抄袭被发现后，他羞愧难当。
神态描写-羞愧,汗颜无地,形容非常羞愧，汗都出来了，无处躲藏。,知道自己错了，他汗颜无地。
神态描写-羞愧,问心有愧,形容做过对不起别人的事，心里感到惭愧。,看着朋友信任的眼神，他问心有愧。
神态描写-得意,洋洋得意,形容非常得意，很满足的样子。,他考了第一名，洋洋得意地走回了座位。
神态描写-得意,沾沾自喜,形容自以为了不起，很得意的样子。,受到表扬后，他沾沾自喜，骄傲了起来。
神态描写-得意,自鸣得意,形容自己觉得非常了不起。,刚学了一点东西，他就自鸣得意起来。
神态描写-得意,得意忘形,形容太得意了，连自己是什么样都忘了。,赢了一局棋，他就得意忘形地跳了起来。
神态描写-得意,趾高气扬,形容走路时脚抬得很高，神气十足的样子。,他当上队长后，变得趾高气扬的。
神态描写-得意,神气活现,形容非常得意，很神气的样子。,他穿着新衣服，神气活现地走来走去。
神态描写-镇定,镇定自若,形容遇到紧急情况不慌不忙，像平常一样。,地震时老师镇定自若地指挥我们撤离。
神态描写-镇定,从容不迫,形容态度镇静，不慌不忙。,他从容不迫地走上讲台开始演讲。
神态描写-镇定,面不改色,形容遇到危险或困难时脸色不变，非常镇定。,面对敌人的威胁，他面不改色。
神态描写-镇定,若无其事,形容好像什么事也没发生一样，非常平静。,他打碎了花瓶，却装得若无其事。
神态描写-镇定,泰然自若,形容在紧急情况下沉着镇定，不慌不忙。,面对大家的提问，他泰然自若地一一回答。
神态描写-出神,聚精会神,形容注意力高度集中，全部精神都集中在一点上。,同学们聚精会神地听老师讲课。
神态描写-出神,全神贯注,形容全部精神都集中在某件事情上。,他全神贯注地拼着乐高积木。
神态描写-出神,目不转睛,形容眼睛一眨不眨地盯着看，注意力很集中。,他目不转睛地盯着电视里的动画片。
神态描写-出神,专心致志,形容一心一意，集中精神做一件事。,小明专心致志地写着作业。
神态描写-出神,心无旁骛,形容心里没有杂念，专心做一件事。,他心无旁骛地练习钢琴，完全没注意到时间。
神态描写-无聊,无精打采,形容没有精神，提不起劲的样子。,因为感冒了，他今天无精打采的。
神态描写-无聊,百无聊赖,形容什么也不感兴趣，精神很空虚无聊。,下雨天不能出去玩，他百无聊赖地翻着书。
神态描写-无聊,心不在焉,形容心思不在这里，精神不集中。,他上课时心不在焉的，一直在想动画片。
神态描写-无聊,呵欠连天,形容非常困倦，不停地打哈欠。,晚上没睡好，上课时他呵欠连天。
神态描写-无聊,昏昏欲睡,形容非常困，快要睡着了。,听完长长的报告，大家都昏昏欲睡。
心理描写-高兴,心花怒放,形容心里非常高兴，像花儿开放一样。,听到要去旅游，我心里心花怒放。
心理描写-高兴,心旷神怡,形容心情舒畅，精神愉快。,站在山顶上，看着美丽的风景，我心旷神怡。
心理描写-高兴,欢天喜地,形容非常高兴快乐。,过年了，孩子们欢天喜地地放鞭炮。
心理描写-高兴,喜气洋洋,形容满脸喜色，气氛非常欢乐。,春节到了，家家户户喜气洋洋。
心理描写-高兴,手舞足蹈,形容高兴到了极点，手脚都舞动起来了。,听到自己能上台表演，他高兴得手舞足蹈。
心理描写-高兴,心满意足,形容心里感到非常满足和高兴。,吃饱了晚饭，小狗心满意足地躺下了。
心理描写-高兴,兴致勃勃,形容兴趣很浓厚，非常有兴致。,我们兴致勃勃地去了新开的科技馆。
心理描写-高兴,乐此不疲,形容对做某事非常喜欢，一点也不觉得疲倦。,他玩拼图乐此不疲，一玩就是一下午。
心理描写-难过,心如刀割,形容内心非常痛苦，像被刀割一样。,听到好朋友要转学的消息，我心如刀割。
心理描写-难过,痛不欲生,形容悲痛到了极点，不想再活下去了。,失去了多年的伙伴，他痛不欲生。
心理描写-难过,闷闷不乐,形容心情不舒畅，很不高兴的样子。,考试没考好，他一整天都闷闷不乐。
心理描写-难过,郁郁寡欢,形容心中苦闷，很少笑容。,自从搬家后，他变得郁郁寡欢的。
心理描写-难过,怅然若失,形容心情失落，好像失去了什么东西。,假期结束了，他怅然若失地走在上学路上。
心理描写-难过,百感交集,形容各种感受交织在一起，心情复杂。,毕业典礼上，看着熟悉的校园，我百感交集。
心理描写-紧张,心急如焚,形容心里非常着急，像火烧一样。,等了半天公交车还没来，我急得心急如焚。
心理描写-紧张,七上八下,形容心里慌乱不安，像十五个吊桶打水一样。,等待比赛结果时，我的心七上八下的。
心理描写-紧张,心乱如麻,形容心里很乱，像一团乱麻一样理不清。,作业太多，我心乱如麻，不知从哪做起。
心理描写-紧张,如坐针毡,形容心里有事坐不住，像坐在针毡上一样难受。,被老师点名回答问题，我如坐针毡。
心理描写-紧张,忐忑不安,形容心神不定，担心害怕。,发考卷的时候，我心里忐忑不安。
心理描写-紧张,迫不及待,形容急得不能再等，非常迫切。,放学铃一响，我迫不及待地冲出教室。
心理描写-紧张,急不可待,形容非常着急，一刻也等不了。,他急不可待地拆开了生日礼物。
心理描写-紧张,如临大敌,形容把情况看得非常严重，像面临大敌一样紧张。,第一次参加演出，大家如临大敌，紧张得不行。
心理描写-后悔,追悔莫及,形容后悔也来不及了。,没有好好复习，考试时才追悔莫及。
心理描写-后悔,悔不当初,形容后悔当初没有那样做或做了不该做的事。,他悔不当初，为什么没有听妈妈的话。
心理描写-后悔,后悔莫及,形容后悔也来不及了。,失去了才懂得珍惜，真是后悔莫及。
心理描写-后悔,悔恨交加,形容后悔和怨恨交织在一起。,他悔恨交加，泪水不停地往下流。
心理描写-后悔,抱憾终身,形容一辈子都感到遗憾。,没有见到爷爷最后一面，他抱憾终身。
心理描写-感动,热泪盈眶,形容激动得眼泪在眼眶里打转。,听到英雄的事迹，我热泪盈眶。
心理描写-感动,感激涕零,形容非常感激，流下了眼泪。,被救的小女孩感激涕零地谢过消防员叔叔。
心理描写-感动,感慨万分,形容非常感慨，有很多感触。,看着老照片，他感慨万分。
心理描写-感动,激动不已,形容非常激动，控制不住自己。,见到分别多年的朋友，他激动不已。
心理描写-感动,百感交集,形容各种感触交织在一起。,站在领奖台上，他百感交集。
心理描写-感动,难以言表,形容内心的感受用语言表达不出来。,收到这份礼物，我的感激之情难以言表。
心理描写-思念,归心似箭,形容回家的心情非常急切，像箭一样快。,放假了，同学们归心似箭。
心理描写-思念,朝思暮想,形容早晚都在想念，非常思念。,我终于来到了朝思暮想的大海边。
心理描写-思念,魂牵梦萦,形容极为思念，连做梦都在想。,那是让我魂牵梦萦的家乡。
心理描写-思念,牵肠挂肚,形容非常挂念，很不放心。,妈妈总是对我牵肠挂肚的。
心理描写-思念,念念不忘,形容一直记在心上，不会忘记。,老师的教诲我念念不忘。
品质性格-善良,助人为乐,以帮助别人为快乐。,小明总是助人为乐，同学们都很喜欢他。
品质性格-善良,舍己为人,牺牲自己的利益去帮助别人。,消防员叔叔舍己为人的精神值得我们学习。
品质性格-善良,与人为善,和别人友好相处，善待他人。,妈妈教育我要与人为善，多帮助别人。
品质性格-善良,乐善好施,喜欢做好事，愿意帮助有困难的人。,他乐善好施，经常捐钱给山区的孩子。
品质性格-善良,雪中送炭,在别人最困难的时候送去帮助。,在我生病的时候，同学们给我补课，真是雪中送炭。
品质性格-善良,古道热肠,形容待人真诚、热情、乐于助人。,邻居叔叔古道热肠，总帮大家修东西。
品质性格-善良,仁至义尽,形容对人的帮助已经做到了最大的限度。,他帮助朋友已经做到了仁至义尽。
品质性格-善良,善解人意,善于理解别人的心意和感受。,她非常善解人意，总能在别人难过时给予安慰。
品质性格-勇敢,奋不顾身,奋勇向前，不顾自己的安危。,警察叔叔奋不顾身地抓住了歹徒。
品质性格-勇敢,临危不惧,面对危险毫不畏惧。,他临危不惧，冷静地拨打了急救电话。
品质性格-勇敢,视死如归,把死看作回家一样，形容不怕死。,战士们视死如归，坚守阵地。
品质性格-勇敢,勇往直前,勇敢地一直向前进。,遇到困难我们要勇往直前，不要退缩。
品质性格-勇敢,无所畏惧,什么都不怕。,他无所畏惧地走进了那片黑暗的森林。
品质性格-勇敢,挺身而出,勇敢地站出来承担或面对。,看到有人落水，他挺身而出跳进河里。
品质性格-勇敢,见义勇为,看到正义的事情就勇敢地去做。,他见义勇为，帮助被欺负的同学。
品质性格-勇敢,英勇无畏,非常勇敢，什么都不怕。,消防员英勇无畏地冲进了火场。
品质性格-诚实,言行一致,说的和做的一样，表里如一。,我们要做一个言行一致的好孩子。
品质性格-诚实,一诺千金,许下的诺言值千金，形容说话算话。,他答应的事一定会做到，真是一诺千金。
品质性格-诚实,实事求是,按照实际情况说话做事，不夸大也不缩小。,我们要实事求是地反映问题。
品质性格-诚实,光明磊落,形容心地光明，做事坦荡。,做人要光明磊落，不要偷偷摸摸。
品质性格-诚实,表里如一,外表和内心一样，形容真诚不虚伪。,他是一个表里如一的好朋友。
品质性格-诚实,开诚布公,坦白无私，真诚地表达自己的看法。,我们开诚布公地谈了谈自己的想法。
品质性格-诚实,言而有信,说话算数，讲信用。,做人要言而有信，不能随便答应又做不到。
品质性格-勤奋,废寝忘食,顾不上睡觉和吃饭，形容非常专心努力。,为了准备比赛，他废寝忘食地练习。
品质性格-勤奋,孜孜不倦,非常勤奋努力，不知疲倦。,老师孜孜不倦地教导我们。
品质性格-勤奋,勤能补拙,勤奋可以弥补天资的不足。,他相信勤能补拙，每天都比别人多学一小时。
品质性格-勤奋,兢兢业业,形容做事小心谨慎，认真负责。,爸爸兢兢业业地工作了很多年。
品质性格-勤奋,手不释卷,手里总是拿着书本，形容读书非常勤奋。,他手不释卷，一有时间就看书。
品质性格-勤奋,闻鸡起舞,听到鸡叫就起来练武，形容非常勤奋。,他闻鸡起舞，坚持每天早上跑步。
品质性格-勤奋,夜以继日,用晚上的时间接上白天，形容日夜不停地做事。,医护工作者夜以继日地救治病人。
品质性格-勤奋,分秒必争,连一分一秒都要争取，形容抓紧时间。,考场上，大家分秒必争地答题。
品质性格-勤奋,锲而不舍,比喻坚持不懈，不半途而废。,学习要有锲而不舍的精神，不能三天打鱼两天晒网。
品质性格-勤奋,滴水石穿,比喻力量虽小，但只要坚持不懈，就能成功。,他每天练字一小时，终于滴水石穿，写出一手好字。
品质性格-勤奋,笨鸟先飞,比喻能力差的人怕落后，就比别人先行动。,他知道自己基础差，就笨鸟先飞，提前预习功课。
品质性格-勤奋,埋头苦干,专心致志，勤奋工作。,科学家们埋头苦干，终于研究出了新成果。
品质性格-团结,齐心协力,大家共同努力，思想一致。,大家齐心协力，很快就把教室打扫干净了。
品质性格-团结,众志成城,大家团结一致，力量就像城墙一样坚固。,全国人民众志成城，战胜了灾害。
品质性格-团结,风雨同舟,比喻在困难中互相帮助，共同度过难关。,我们风雨同舟，一起走过了最艰难的日子。
品质性格-团结,万众一心,千万人一条心，形容团结一致。,万众一心，就没有克服不了的困难。
品质性格-团结,同舟共济,比喻在困难中团结互助，共同前进。,同学们同舟共济，一起完成了这次任务。
品质性格-团结,团结一致,大家团结起来，朝着同一个方向努力。,我们班团结一致，获得了拔河比赛的冠军。
品质性格-团结,和衷共济,大家一起同心协力，克服困难。,在困难面前，大家和衷共济，共渡难关。
品质性格-团结,志同道合,形容志向相同，意见相合。,我们是一群志同道合的好朋友。
品质性格-节约,勤俭节约,勤劳而节俭，不浪费。,爷爷一生勤俭节约，从不浪费一粒米。
品质性格-节约,省吃俭用,形容生活非常节俭。,父母省吃俭用供我上学。
品质性格-节约,精打细算,在使用人力物力时仔细计算，不浪费。,妈妈精打细算地安排家里的开支。
品质性格-节约,物尽其用,让每样东西都发挥它的作用。,她物尽其用，把旧衣服改成了布袋子。
品质性格-节约,开源节流,比喻增加收入，节省开支。,我们要学会开源节流，合理用钱。
品质性格-节约,节衣缩食,省吃省穿，生活节俭。,为了给我买书，妈妈节衣缩食。
品质性格-骄傲,骄傲自满,自以为了不起，满足于已有的成绩。,我们不能骄傲自满，要不断进步。
品质性格-骄傲,目中无人,眼里没有别人，形容非常傲慢。,他学习好就目中无人，大家都不喜欢他。
品质性格-骄傲,自高自大,自以为了不起，看不起别人。,自高自大的人很难交到朋友。
品质性格-骄傲,夜郎自大,比喻无知又狂妄自大。,我们要多出去看看，不要夜郎自大。
品质性格-骄傲,妄自尊大,狂妄地自以为了不起。,他刚当上班长就妄自尊大，大家都很不满。
品质性格-骄傲,盛气凌人,以傲慢的气势压人。,他说话总是盛气凌人的，让人很不舒服。
品质性格-谦虚,不骄不躁,不骄傲不急躁，态度平和。,我们要保持不骄不躁的学习态度。
品质性格-谦虚,虚怀若谷,胸怀像山谷一样深广，形容非常谦虚。,虽然取得了很大成就，但他依然虚怀若谷。
品质性格-谦虚,谦虚谨慎,虚心而不自满，做事小心慎重。,我们要做一个谦虚谨慎的好学生。
品质性格-谦虚,戒骄戒躁,警惕自己产生骄傲和急躁的情绪。,老师教育我们要戒骄戒躁，继续努力。
品质性格-谦虚,学无止境,学习没有尽头，不能自满。,学无止境，我们永远不能停止学习。
品质性格-谦虚,不耻下问,不以向学问比自己差的人请教为耻。,他学习好却仍然不耻下问，值得我们学习。
品质性格-谦虚,洗耳恭听,洗干净耳朵恭恭敬敬地听，形容认真听对方说话。,老师讲话时，同学们洗耳恭听。
品质性格-坚强,不屈不挠,形容意志坚强，不向困难低头。,他遇到挫折不屈不挠，终于取得了成功。
品质性格-坚强,百折不挠,无论遭受多少次挫折都不退缩。,爱迪生经过百折不挠的努力，终于发明了电灯。
品质性格-坚强,坚韧不拔,形容意志坚定，不可动摇。,他有着坚韧不拔的意志力。
品质性格-坚强,自强不息,自己努力向上，永不停止。,虽然身患残疾，但他自强不息，考上了大学。
品质性格-坚强,迎难而上,面对困难勇敢前进。,我们要迎难而上，而不是知难而退。
品质性格-坚强,知难而进,知道有困难还要前进。,他有一种知难而进的精神。
品质性格-坚强,顽强拼搏,非常坚强，用尽全力去争取。,运动员们在赛场上顽强拼搏。
品质性格-公正,铁面无私,形容办事公正严明，不讲私情。,包公铁面无私，是公正的代表。
品质性格-公正,大公无私,一心为公，没有私心。,他大公无私地处理了这件事。
品质性格-公正,秉公办事,按照公正的原则处理事情。,老师秉公办事，对每个同学都一视同仁。
品质性格-公正,一视同仁,对所有人都平等看待。,老师对每个学生一视同仁。
品质性格-公正,刚正不阿,刚强正直，不迎合别人。,他为人刚正不阿，很受人尊敬。
品质性格-贪婪,见利忘义,看到利益就忘了道义。,他为了钱见利忘义，出卖了朋友。
品质性格-贪婪,贪得无厌,贪心永远不满足。,他贪得无厌，有了还想要更多。
品质性格-贪婪,自私自利,只为自己打算，不顾别人。,自私自利的人不会有真朋友。
品质性格-贪婪,唯利是图,只要有利就去追求，什么都不管。,那些唯利是图的商人迟早会失去顾客。
品质性格-贪婪,不劳而获,自己不劳动却想获得成果。,我们要靠劳动吃饭，不能有不劳而获的想法。
品质性格-懒惰,好逸恶劳,贪图安逸，厌恶劳动。,他好逸恶劳，作业都不愿意写。
品质性格-懒惰,游手好闲,整天闲逛，不做事。,他整天游手好闲，什么也不做。
品质性格-懒惰,好吃懒做,喜欢吃好的却不愿意劳动。,他好吃懒做，成绩越来越差。
品质性格-懒惰,三天打鱼两天晒网,比喻做事断断续续，没有恒心。,他学钢琴三天打鱼两天晒网，所以一直没进步。
品质性格-懒惰,一曝十寒,晒一天冻十天，比喻勤奋时少懒惰时多。,学习不能一曝十寒，要坚持每天进步。
动作描写-走,昂首阔步,抬起头，大步向前走，形容精神振奋。,运动员们昂首阔步地走进体育场。
动作描写-走,大步流星,形容步子很大，走得很快。,他大步流星地走进教室。
动作描写-走,健步如飞,步伐矫健有力，走得像飞一样快。,爷爷虽然七十岁了，走起路来依然健步如飞。
动作描写-走,蹑手蹑脚,形容走路很轻很小心，怕发出声音。,我蹑手蹑脚地走进房间，不想吵醒妈妈。
动作描写-走,步履蹒跚,形容走路腿脚不方便，摇摇晃晃的。,那位老奶奶步履蹒跚地过马路。
动作描写-走,东张西望,东边看看，西边望望，形容到处看。,上课要专心听讲，不要东张西望。
动作描写-走,左顾右盼,左边看看，右边看看，形容犹豫不决的样子。,他在路口左顾右盼，不知道该往哪走。
动作描写-走,大摇大摆,走路时身体摇摇摆摆，形容傲慢的样子。,他大摇大摆地走进来，一副很了不起的样子。
动作描写-走,姗姗来迟,形容慢腾腾地来晚了。,他每次开会都姗姗来迟。
动作描写-走,行色匆匆,形容出发行走时神色匆忙。,街上的人们行色匆匆，都在赶着去上班。
动作描写-跑,飞奔而去,形容飞快地跑过去。,下课铃一响，他飞奔而去。
动作描写-跑,落荒而逃,形容失败后慌慌张张地逃跑。,黄鼠狼被大鹅追得落荒而逃。
动作描写-跑,穷追不舍,拼命地追赶，不放弃。,警察对坏人穷追不舍，终于抓住了他。
动作描写-跑,撒腿就跑,形容一转身就飞快地跑掉。,看到妈妈来了，他撒腿就跑过去迎接。
动作描写-跑,紧追不舍,紧紧地追赶，不放松。,他紧追不舍，终于追上了前面的选手。
动作描写-跑,拔腿就跑,形容一抬腿就赶紧跑。,听到铃声，他拔腿就跑往教室冲。
动作描写-看,目不转睛,眼睛一眨不眨地盯着看。,他目不转睛地盯着屏幕上的电影。
动作描写-看,极目远眺,用尽眼力向远处看。,站在山顶极目远眺，整个城市尽收眼底。
动作描写-看,左顾右盼,左右不停地看来看去。,过马路时不要左顾右盼，要专心看路。
动作描写-看,东张西望,到处乱看，不专心。,考试时不要东张西望。
动作描写-看,探头探脑,伸着头偷偷地看。,他躲在门后探头探脑地想看看屋里有什么。
动作描写-看,虎视眈眈,像老虎一样凶狠地盯着看。,狮子虎视眈眈地盯着它的猎物。
动作描写-看,走马观花,骑在马上看花，比喻粗略地看。,去博物馆不要走马观花，要认真看每一个展品。
动作描写-看,一览无余,一眼望去，全部看得清清楚楚。,从摩天轮上望去，整个公园一览无余。
动作描写-看,翘首以盼,抬起头来盼望，形容非常期待。,同学们翘首以盼，等着老师的到来。
动作描写-看,审视上下,仔细地上下打量。,他审视上下，仔细地看了看这件商品。
动作描写-听,侧耳倾听,侧着耳朵仔细听。,小鸟在唱歌，我侧耳倾听。
动作描写-听,洗耳恭听,洗干净耳朵恭恭敬敬地听，形容认真听对方的话。,老师说话时，我们要洗耳恭听。
动作描写-听,听而不闻,听见了却不放在心上，像没听见一样。,妈妈叫我三遍了，我却听而不闻。
动作描写-听,充耳不闻,塞住耳朵不听，形容故意不听别人的意见。,他对大家的建议充耳不闻。
动作描写-听,闻风而动,一听到消息就立刻行动。,听到集合的哨声，大家闻风而动。
动作描写-听,耳听八方,耳朵同时听各方面的声音，形容很警觉。,侦探耳听八方，不放过任何线索。
动作描写-说,口若悬河,说话像瀑布一样流个不停，形容能说会道。,他讲起故事来口若悬河。
动作描写-说,滔滔不绝,形容话很多，连续不断。,一提到足球，他就滔滔不绝地说个不停。
动作描写-说,娓娓动听,形容说话生动好听，让人爱听。,老师讲故事娓娓动听，同学们都听得入迷了。
动作描写-说,对答如流,回答问题像流水一样顺畅。,面试时他对答如流，很顺利。
动作描写-说,结结巴巴,说话不流利，吞吞吐吐。,他紧张得结结巴巴，说不出一句完整的话。
动作描写-说,吞吞吐吐,说话不爽快，想说又不敢说的样子。,他吞吞吐吐的，好像有什么事瞒着我。
动作描写-说,侃侃而谈,理直气壮、不慌不忙地说话。,他站在讲台上侃侃而谈，非常自信。
动作描写-说,窃窃私语,私下里小声说话。,上课时不要窃窃私语。
动作描写-说,妙语连珠,精彩美妙的语言像珍珠一样连续不断地流出来。,他妙语连珠，把大家逗得哈哈大笑。
动作描写-说,异口同声,不同的人说出同样的话。,"大家异口同声地回答：""好！"""
动作描写-说,议论纷纷,很多人你一言我一语地发表意见。,对于这个决定，大家议论纷纷。
动作描写-说,七嘴八舌,形容人多嘴杂，大家都在说话。,大家七嘴八舌地讨论着春游的计划。
动作描写-说,哑口无言,像哑巴一样说不出话来。,他被我问得哑口无言。
动作描写-说,理直气壮,理由充分，说话有气势。,"他理直气壮地说：""我没有做错！"""
动作描写-说,语重心长,说话情意深长，很有分量。,"爸爸语重心长地对我说：""做人要诚实。"""
动作描写-说,直言不讳,说话直爽，毫不隐讳。,他直言不讳地指出了我的缺点。
动作描写-说,拐弯抹角,说话不直接，绕来绕去。,你有话就直说，不要拐弯抹角的。
动作描写-说,唠唠叨叨,说话啰嗦，说个不停。,奶奶唠唠叨叨地嘱咐我要多穿衣服。
动作描写-说,花言巧语,说虚假而动听的话来骗人。,你不要被他的花言巧语骗了。
动作描写-说,甜言蜜语,说甜蜜的话来讨好别人。,坏人用甜言蜜语骗走了小朋友的信任。
动作描写-说,大喊大叫,大声喊叫，声音很大。,在图书馆不能大喊大叫。
动作描写-说,振振有词,形容自以为理由充分，说个不停。,他振振有词地辩解着，但大家都知道他在说谎。
动作描写-笑,捧腹大笑,笑得捧着肚子，非常开心。,小丑的表演让大家捧腹大笑。
动作描写-笑,哈哈大笑,张大嘴巴大声笑。,听到这个笑话，他哈哈大笑起来。
动作描写-笑,哄堂大笑,满屋子的人同时大笑起来。,他说了一句俏皮话，全班哄堂大笑。
动作描写-笑,眉开眼笑,眉头舒展，眼睛含笑。,拿到新玩具，他眉开眼笑。
动作描写-笑,破涕为笑,停止哭泣，露出笑容。,刚才还在哭，拿到糖果就破涕为笑了。
动作描写-笑,笑得合不拢嘴,形容笑得嘴巴都合不上了。,爷爷看到孙子回来了，笑得合不拢嘴。
动作描写-哭,嚎啕大哭,放声大声哭。,找不到妈妈了，小女孩嚎啕大哭。
动作描写-哭,泣不成声,哭得说不出话来。,她抱着妈妈泣不成声。
动作描写-哭,泪如泉涌,眼泪像泉水一样涌出来。,听到这个好消息，她激动得泪如泉涌。
动作描写-哭,抽抽搭搭,一抽一抽地小声哭。,她受了委屈，坐角落里抽抽搭搭地哭。
动作描写-哭,声泪俱下,一边说话一边流泪。,他讲述着自己的经历，声泪俱下。
动作描写-吃,狼吞虎咽,像狼和虎一样大口吞咽，形容吃得很急很猛。,他饿坏了，狼吞虎咽地吃着饭。
动作描写-吃,细嚼慢咽,慢慢地、仔细地咀嚼和吞咽。,吃饭要细嚼慢咽，对身体好。
动作描写-吃,津津有味,吃得很有味道，很有兴趣。,他津津有味地吃着妈妈做的红烧肉。
动作描写-吃,囫囵吞枣,把枣整个吞下去，比喻读书不仔细。,读书不能囫囵吞枣，要反复思考。
动作描写-吃,垂涎欲滴,馋得口水都要滴下来了。,看到蛋糕，我垂涎欲滴。
动作描写-手部,手舞足蹈,双手舞动，双脚跳动，形容高兴极了。,听到好消息，他高兴得手舞足蹈。
动作描写-手部,手忙脚乱,形容做事慌乱，没有条理。,快要迟到了，他急得手忙脚乱的。
动作描写-手部,指手画脚,说话时手脚并用做动作，也形容乱指挥。,他指手画脚地给大家讲解路线。
动作描写-手部,手疾眼快,形容动作快，眼睛也快。,他手疾眼快地接住了掉落的杯子。
动作描写-手部,摩拳擦掌,摩拳拳擦擦掌，形容做好了准备，跃跃欲试的样子。,比赛前，同学们摩拳擦掌，准备一展身手。
动作描写-手部,拳打脚踢,用拳头打用脚踢，形容打架。,电影里的打斗场面拳打脚踢很激烈。
动作描写-手部,蹑手蹑脚,放轻手脚，小心地走。,我蹑手蹑脚地走进房间，不想吵醒弟弟。
动作描写-手部,七手八脚,形容很多人一起动手，非常杂乱。,大家七手八脚地帮忙收拾打碎的玻璃。
动作描写-手部,笨手笨脚,形容动作不灵活，很笨拙。,我第一次包饺子，笨手笨脚的。
动作描写-手部,眼疾手快,眼睛锐利，动作敏捷。,他眼疾手快，一下抓住了那只飞来的球。
语言描写,能言善辩,善于说话，善于辩论。,他口才很好，能言善辩。
语言描写,伶牙俐齿,口齿伶俐，能说会道。,这个小女孩伶牙俐齿的，非常可爱。
语言描写,出口成章,话说出来就是一篇文章，形容口才好。,他学问好，出口成章。
语言描写,蜜里调油,形容话语甜蜜动听。,她说话蜜里调油一样的，让人听了很舒服。
语言描写,金口玉言,形容说话非常准确，说出来的话很有分量。,老师的话像金口玉言，我们都记在心里。
语言描写,说三道四,不负责任地议论别人。,不要在背后说三道四。
语言描写,胡言乱语,胡乱说话，没有根据地乱说。,他发烧了，开始胡言乱语。
语言描写,胡说八道,没有道理地乱说。,不要听他的，他在胡说八道。
自然山水-山,崇山峻岭,高大的山和险峻的山岭。,我们翻过崇山峻岭，终于到达了目的地。
自然山水-山,层峦叠嶂,形容山岭一层一层地重叠着。,远处的群山层峦叠嶂，非常壮观。
自然山水-山,悬崖峭壁,形容山势非常险峻陡峭。,那面悬崖峭壁，连山羊都爬不上去。
自然山水-山,连绵起伏,形容山脉连绵不断，高低起伏。,远处连绵起伏的山脉像一条巨龙。
自然山水-山,高耸入云,形容山峰非常高，直插云霄。,黄山高耸入云，非常壮观。
自然山水-山,群山环绕,四周都是山，被山围着。,我的家乡群山环绕，风景优美。
自然山水-山,山清水秀,山色青翠，水色秀丽，形容风景优美。,桂林是个山清水秀的好地方。
自然山水-山,峰峦雄伟,山峰高大雄壮。,泰山的峰峦雄伟，令人惊叹。
自然山水-山,直插云霄,形容山峰笔直地插入云层。,那座山峰直插云霄。
自然山水-山,危峰兀立,形容山峰高而险，高高耸立。,这座山上危峰兀立，景色非常奇特。
自然山水-山,怪石嶙峋,形状奇怪的石头重重叠叠的样子。,山上怪石嶙峋，形状各异。
自然山水-山,奇峰罗列,奇特的山峰一个个排列着。,张家界奇峰罗列，像一幅山水画。
自然山水-水,水平如镜,水面平静得像镜子一样。,湖面水平如镜，倒映着蓝天白云。
自然山水-水,波澜壮阔,形容水势浩大，非常壮观。,大海波澜壮阔，一望无际。
自然山水-水,波涛汹涌,形容波浪又大又急。,海面上波涛汹涌，渔船颠簸得很厉害。
自然山水-水,一泻千里,形容江河奔流直下，又快又远。,黄河一泻千里，气势磅礴。
自然山水-水,川流不息,形容行人车马像水流一样连续不断。,大街上车水马龙川流不息。
自然山水-水,波光粼粼,形容水面被阳光照射，波光闪动的样子。,阳光洒在湖面上，波光粼粼。
自然山水-水,清澈见底,形容水非常清澈透明，能看到水底。,这条小溪清澈见底，能看到小鱼在游来游去。
自然山水-水,碧波荡漾,碧绿色的水波轻轻摇动。,湖面上碧波荡漾，非常美丽。
自然山水-水,烟波浩渺,形容水面辽阔，雾气蒙蒙。,在烟波浩渺的湖面上，有一叶小舟。
自然山水-水,奔流不息,形容水不停地流着。,长江奔流不息，养育了千千万万的人。
自然山水-水,源源不断,形容连续不断，像水源一样。,泉水从山上源源不断地流下来。
自然山水-水,汹涌澎湃,形容水流湍急，波浪互相撞击。,黄河水汹涌澎湃，发出巨大的轰鸣声。
动物描写-整体,憨态可掬,形容动物或人憨厚可爱的样子。,大熊猫憨态可掬，特别惹人喜爱。
动物描写-整体,活泼可爱,形容生动自然，充满活力，让人喜欢。,小兔子活泼可爱的，在草地上跳来跳去。
动物描写-整体,小巧玲珑,形容小而精致，很可爱的样子。,这只小鸟小巧玲珑，羽毛色彩斑斓。
动物描写-整体,温顺可爱,形容温和顺从，让人喜欢。,小猫温顺可爱地趴在主人腿上。
动物描写-整体,威风凛凛,形容气势威严，让人敬畏。,老虎威风凛凛地走在丛林里。
动物描写-走兽,虎背熊腰,形容身体魁梧强壮。,那只大老虎虎背熊腰的，真不愧为森林之王。
动物描写-走兽,膘肥体壮,形容牲畜肥壮结实。,草原上的骏马膘肥体壮。
动物描写-走兽,老态龙钟,形容年老体衰，行动不灵便。,那只老狗已经老态龙钟了。
动物描写-走兽,瘦骨嶙峋,形容人或动物非常瘦，骨头都露出来了。,流浪狗瘦骨嶙峋的，让人心疼。
动物描写-飞禽,展翅高飞,张开翅膀高高飞翔。,雄鹰展翅高飞，在蓝天中翱翔。
动物描写-飞禽,莺歌燕舞,黄莺唱歌，燕子飞舞，形容春天热闹的景象。,春天到了，莺歌燕舞，一派生机勃勃。
动物描写-飞禽,鸟语花香,鸟儿叫花儿香，形容春天美好的景色。,春天的公园里鸟语花香。
动物描写-飞禽,鸦雀无声,连乌鸦和麻雀都不叫了，形容非常安静。,老师走进教室，全班顿时鸦雀无声。
动物描写-飞禽,一飞冲天,一下子飞得很高，比喻突然做出惊人成绩。,他在这次比赛中一飞冲天，获得了冠军。
动物描写-昆虫,蜻蜓点水,蜻蜓在水面上轻轻一点，比喻做事肤浅不深入。,他学东西蜻蜓点水，不求甚解。
动物描写-昆虫,飞蛾扑火,飞蛾扑向火焰，比喻自取灭亡。,他这样做简直就是飞蛾扑火。
动物描写-昆虫,金蝉脱壳,比喻用计脱身，使人不能及时发觉。,他从窗户里金蝉脱壳地逃走了。
动物描写-昆虫,螳臂当车,螳螂举起前腿去挡车，比喻不自量力。,你想一个人对抗全班，简直是螳臂当车。
动物描写-昆虫,蚕食鲸吞,像蚕吃桑叶一样慢慢侵占，像鲸鱼一样大口吞下。,这个大国蚕食鲸吞了小国的土地。
动物描写-水族,如鱼得水,就像鱼得到水一样，比喻得到适合自己的环境。,他到了新班级如同如鱼得水，很快就交到了朋友。
动物描写-水族,漏网之鱼,从渔网里漏掉的鱼，比喻侥幸逃脱的坏人。,警察抓住了那伙坏人，一个也没成为漏网之鱼。
动物描写-水族,鱼贯而入,像鱼一样一个接一个地进去。,同学们鱼贯而入地走进电影院。
动物描写-水族,鱼龙混杂,比喻好人坏人混在一起。,人多的地方鱼龙混杂，要注意安全。
动物描写-声音,虎啸狼嚎,老虎的咆哮和狼的嚎叫，形容恐怖的声音。,晚上传来虎啸狼嚎的声音，让人害怕。
动物描写-声音,鸡鸣狗吠,鸡叫狗叫的声音，形容乡村的生活气息。,清晨，小村庄里鸡鸣狗吠，热闹起来。
动物描写-声音,龙吟虎啸,像龙和老虎的叫声，形容声音宏大响亮。,风声在山谷中回荡，像龙吟虎啸一样。
动物描写-声音,蛙声一片,青蛙的叫声连成一片。,夏天的夜晚，池塘边蛙声一片。
动物描写-动作,上蹿下跳,形容上下乱跳，很不安分。,小猴子在笼子里上蹿下跳的。
动物描写-动作,东张西望,形容到处张望的样子。,小松鼠东张西望地看看四周。
动物描写-动作,活蹦乱跳,形容活力充沛，蹦蹦跳跳。,小羊羔在草地上活蹦乱跳。
动物描写-动作,慢条斯理,形容动作慢腾腾的，不慌不忙。,乌龟慢条斯理地向前爬。
动物描写-动作,张牙舞爪,张着嘴露着牙挥舞着爪子，形容凶恶的样子。,大螃蟹张牙舞爪地在盆子里爬。
植物描写-花,百花齐放,各种各样的花一起开放，形容春天的景象。,春天来了，公园里百花齐放。
植物描写-花,万紫千红,形容花的颜色非常多，非常美丽。,花园里万紫千红，美不胜收。
植物描写-花,姹紫嫣红,形容各种花颜色鲜艳美丽。,春天姹紫嫣红，到处都是花的海洋。
植物描写-花,花团锦簇,形容花朵聚集在一起，非常华丽。,国庆节的天安门广场花团锦簇。
植物描写-花,繁花似锦,许多花像锦缎一样美丽。,春天的草原繁花似锦。
植物描写-花,含苞欲放,花骨朵儿包着花苞即将开放。,那些玫瑰花含苞欲放，非常可爱。
植物描写-花,争奇斗艳,形容各种花竞相开放，比谁更美。,花园里的花争奇斗艳，美不胜收。
植物描写-花,清香扑鼻,香味直接朝着鼻子冲过来。,桂花开了，清香扑鼻。
植物描写-花,花枝招展,花枝在风中摆动，形容打扮得十分艳丽。,春风一吹，花枝招展的，美丽极了。
植物描写-花,落英缤纷,形容花瓣纷纷飘落的样子。,风吹过，樱花落英缤纷，像下了一场花雨。
植物描写-花,沁人心脾,形容香气或凉气让人感到非常舒服。,一阵花香沁人心脾。
植物描写-花,芬芳馥郁,形容香气非常浓郁。,玫瑰花开，芬芳馥郁。
植物描写-草,绿草如茵,绿油油的草地像铺了一层垫子。,草地上绿草如茵，非常柔软。
植物描写-草,一碧千里,形容一片碧绿，非常广阔。,草原上一碧千里，非常壮观。
植物描写-草,生机勃勃,形容生命力旺盛，充满活力。,春天来了，小草从地里钻出来，生机勃勃。
植物描写-草,野草丛生,野草到处生长。,这条小路年久失修，已经野草丛生了。
植物描写-草,风吹草低见牛羊,风吹过草地，草低伏下去，露出了牛和羊。,大草原上，风吹草低见牛羊，景色太美了。
植物描写-树木,郁郁葱葱,形容草木苍翠茂盛。,山坡上的树林郁郁葱葱。
植物描写-树木,枝繁叶茂,树枝多，叶子茂盛，形容树木生长旺盛。,这棵古树已经枝繁叶茂了。
植物描写-树木,古木参天,古老的树木高耸入云。,原始森林里古木参天。
植物描写-树木,根深叶茂,树根扎得深，叶子长得茂盛。,这棵大树根深叶茂，已经长了几百年了。
植物描写-树木,枯枝败叶,枯干的树枝和凋落的树叶。,秋风一吹，满地都是枯枝败叶。
植物描写-树木,万木争春,各种树木都争着在春天展现自己的生机。,春天到了，万木争春，一派欣欣向荣。
植物描写-树木,落叶归根,树叶落在树根旁边，比喻离开家乡的人最终回到家乡。,爷爷说老了要落叶归根，回老家生活。
植物描写-树木,盘根错节,树根盘旋，枝节交错，比喻事情复杂难办。,这件事盘根错节，需要好好理一理。
植物描写-树木,青翠欲滴,形容草木绿得要滴出水来。,雨后的树叶青翠欲滴。
植物描写-树木,绿树成荫,树木茂盛，形成了树荫。,这条路绿树成荫，夏天特别凉快。
植物描写-树木,挺拔苍翠,形容树木笔直挺立，颜色青翠。,松树挺拔苍翠，一年四季都是绿色的。
天气时令-春,春暖花开,春天天气暖和，花儿开放。,春暖花开的季节，最适合去踏青了。
天气时令-春,春意盎然,春天的气息很浓厚。,公园里春意盎然，到处都是新绿。
天气时令-春,春寒料峭,春天刚来，天气还比较寒冷。,虽然已是春天，但春寒料峭，还是要多穿衣服。
天气时令-春,春风化雨,像春风和雨水一样滋润万物，比喻好的教育。,老师的教诲如春风化雨，滋润着我们的心田。
天气时令-春,万物复苏,各种生物都苏醒过来，恢复了生机。,春天来了，万物复苏，大地一片生机勃勃。
天气时令-春,春回大地,春天回到大地，天气变暖。,春回大地，冰雪融化。
天气时令-春,和风细雨,温和的风和细小的雨，比喻做事温和细致。,老师总是和风细雨地教育我们。
天气时令-春,草长莺飞,小草生长，黄莺飞舞，形容江南春天的景色。,江南三月，草长莺飞。
天气时令-春,春色满园,满园都是春天的景色。,春色满园关不住，一枝红杏出墙来。
天气时令-春,春华秋实,春天开花，秋天结果，比喻事物的因果关系。,春华秋实，没有春天的努力就没有秋天的收获。
天气时令-夏,烈日炎炎,太阳很大，天气非常热。,烈日炎炎的中午，小狗趴在树荫下伸着舌头。
天气时令-夏,骄阳似火,强烈的阳光像火一样烤着大地。,骄阳似火的夏天，游泳池里人山人海。
天气时令-夏,挥汗如雨,挥洒的汗水像下雨一样，形容天热或劳累。,工人们在太阳下挥汗如雨地工作。
天气时令-夏,大汗淋漓,汗水流得满身都是。,跑了三圈后，他大汗淋漓。
天气时令-夏,暑气逼人,夏天的热气逼得人很难受。,中午的马路暑气逼人。
天气时令-夏,汗流浃背,汗流得湿透了背上的衣服。,虽然汗流浃背，但他仍然坚持训练。
天气时令-夏,电闪雷鸣,闪电和雷声交加，形容天气非常恶劣。,暴雨来临前，天空中电闪雷鸣。
天气时令-夏,倾盆大雨,雨大得像从盆里倒下来一样。,突然下起了倾盆大雨，路上的行人纷纷躲雨。
天气时令-夏,雷雨交加,雷和雨一起来。,那个雷雨交加的夜晚，我吓得睡不着。
天气时令-夏,暴风骤雨,来势凶猛的风雨，比喻声势浩大。,暴风骤雨过后，空气格外清新。
天气时令-秋,秋高气爽,秋天天空晴朗，气候凉爽宜人。,秋高气爽的天气最适合去爬山了。
天气时令-秋,秋风送爽,秋风带来了凉爽的感觉。,秋风送爽，桂花飘香。
天气时令-秋,秋色宜人,秋天的景色非常美，让人心情舒畅。,这片枫林秋色宜人，吸引了很多游客。
天气时令-秋,硕果累累,果实又多又大，形容丰收的景象。,秋天果园里硕果累累。
天气时令-秋,五谷丰登,粮食丰收，形容年成很好。,今年风调雨顺，五谷丰登。
天气时令-秋,天高云淡,天空很高，云很淡，形容秋天的天空。,天高云淡的日子，我们一起去放风筝。
天气时令-秋,金桂飘香,金色的桂花发出诱人的香气。,秋天到了，校园里金桂飘香。
天气时令-秋,落叶纷飞,树叶纷纷落下，飘得到处都是。,秋天，林间小路上落叶纷飞。
天气时令-秋,丹桂飘香,丹红色的桂花散发香味。,中秋时节，到处丹桂飘香。
天气时令-秋,一叶知秋,看到一片落叶就知道秋天到了。,一片叶子飘落，一叶知秋。
天气时令-冬,冰天雪地,形容到处都是冰雪，非常寒冷。,北方冬天冰天雪地的。
天气时令-冬,寒风刺骨,寒风像针一样刺到骨头里，形容非常寒冷。,冬天寒风刺骨，我裹紧了棉大衣。
天气时令-冬,白雪皑皑,雪下得很大，白茫茫的一片。,雪山上白雪皑皑，非常壮观。
天气时令-冬,银装素裹,形容雪后的景色，像穿上了银白色的衣服。,下雪了，整个世界银装素裹。
天气时令-冬,天寒地冻,天气非常寒冷，大地都冻住了。,天寒地冻的冬天，河面上结了一层厚冰。
天气时令-冬,滴水成冰,水滴下来就冻成了冰，形容天气极冷。,北方的冬天滴水成冰。
天气时令-冬,鹅毛大雪,像鹅毛一样大的雪花。,天空飘起了鹅毛大雪。
天气时令-冬,寒冬腊月,农历十二月，天气最冷的月份。,寒冬腊月，北风呼啸。
天气时令-冬,数九寒天,从冬至起数九，天气最冷的时期。,数九寒天里，环卫工人依然坚持工作。
天气时令-冬,瑞雪兆丰年,吉祥的冬雪预示着来年丰收。,一场大雪过后，爷爷说瑞雪兆丰年。
天气时令-风,狂风大作,风猛烈地吹。,突然狂风大作，门被吹得咣当响。
天气时令-风,微风拂面,微风吹在脸上，很舒服的感觉。,春天的微风拂面，让人心旷神怡。
天气时令-风,清风徐来,清凉的风慢慢地吹过来。,清风徐来，水波不兴。
天气时令-风,风平浪静,没有风浪，形容非常平静。,海面上风平浪静。
天气时令-风,风起云涌,大风刮起，乌云涌来，形容形势变化很快。,比赛场上竞争激烈，风起云涌。
天气时令-风,风调雨顺,风雨适合农作物生长的需要，形容年成好。,今年风调雨顺，庄稼长得特别好。
天气时令-雨,细雨如丝,雨点非常细，像丝线一样。,窗外细雨如丝，像一幅水墨画。
天气时令-雨,和风细雨,温和的风细细的雨。,老师说话就像和风细雨一样温柔。
天气时令-雨,雨过天晴,雨下过以后天晴了，比喻情况好转。,雨过天晴，天空出现了美丽的彩虹。
天气时令-雨,狂风暴雨,大风大雨，形容天气恶劣。,我们在狂风暴雨中艰难地前行。
天气时令-雨,烟雨蒙蒙,像烟雾一样的细雨，看不太清楚。,江南的烟雨蒙蒙，像仙境一样。
天气时令-雪,大雪纷飞,雪下得很大，雪花到处飞舞。,大雪纷飞的夜晚，路上行人很少。
天气时令-雪,雪中送炭,下雪天给人送炭取暖，比喻在别人急需时帮助。,在我有困难的时候，他雪中送炭，借给我钱。
天气时令-雪,冰消雪融,冰雪融化，天气变暖。,春天来了，冰消雪融。
天气时令-雪,雪上加霜,比喻祸不单行，又遇上了更倒霉的事。,他生病了还丢了钱包，真是雪上加霜。
天气时令-雪,冰雪聪明,形容人非常聪明。,她冰雪聪明，什么问题都难不倒她。
天气时令-日月星辰,旭日东升,早晨的太阳刚升起来。,旭日东升，新的一天开始了。
天气时令-日月星辰,夕阳西下,傍晚的太阳落山了。,夕阳西下，天边染成了金红色。
天气时令-日月星辰,烈日当空,火辣辣的太阳挂在天上。,烈日当空，农民伯伯还在田里劳作。
天气时令-日月星辰,月光如水,月光像水一样清澈明亮。,月光如水的夜晚，我们在院子里讲故事。
天气时令-日月星辰,皓月当空,明亮的月亮高高挂在天上。,八月十五的晚上，皓月当空。
天气时令-日月星辰,星光灿烂,星星很多很亮。,夏夜的星空星光灿烂。
天气时令-日月星辰,晨光熹微,早晨天色微明，刚刚有点亮光。,晨光熹微，小鸟开始唱歌了。
天气时令-日月星辰,朝霞满天,早上的霞光布满天空。,朝霞满天的早晨，真是美极了。
天气时令-日月星辰,晚霞似火,晚霞像火焰一样红。,晚霞似火，映红了半边天。
天气时令-日月星辰,云雾迷蒙,云雾弥漫，看不清远处。,山上云雾迷蒙，像仙境一样。
天气时令-天空,万里无云,天空非常晴朗，没有一丝云彩。,万里无云的天空像一块蓝宝石。
天气时令-天空,碧空如洗,蓝色的天空像洗过一样干净。,雨后的碧空如洗，空气格外清新。
天气时令-天空,天高云淡,天空高远，云很稀薄。,天高云淡，大雁排成队往南飞。
天气时令-天空,乌云密布,乌云布满天空，快要下雨了。,天空中乌云密布，要下大雨了。
声音描写-自然,震耳欲聋,声音大得能把耳朵震聋。,瀑布发出的声音震耳欲聋。
声音描写-自然,响彻云霄,声音响亮，直达天空。,国歌声响彻云霄。
声音描写-自然,万籁俱寂,形容周围环境非常安静，什么声音也没有。,深夜万籁俱寂，只有蛐蛐在叫。
声音描写-自然,人声鼎沸,人群中发出的声音像鼎里的水沸腾了一样。,广场上人声鼎沸，特别热闹。
声音描写-自然,鸦雀无声,连乌鸦和麻雀都不叫了，非常安静。,教室里鸦雀无声，大家都在专心考试。
声音描写-自然,悄无声息,形容没有声音或声音很轻。,雪花悄无声息地落下来。
声音描写-自然,风铃叮当,风铃被风吹动发出叮叮当当的声音。,窗前的风铃叮当作响。
声音描写-自然,泉水叮咚,泉水流动时发出叮叮咚咚的声音。,山泉水叮咚作响，像是在唱歌。
声音描写-自然,沙沙作响,发出轻微细碎的声音，如风吹树叶。,风吹过竹林，沙沙作响。
声音描写-自然,轰轰隆隆,形容巨大的响声，如打雷、火车等。,远处传来轰轰隆隆的雷声。
声音描写-自然,噼里啪啦,连续不断的爆裂声，如鞭炮、雨点等。,鞭炮噼里啪啦地响个不停。
声音描写-自然,潺潺流水,形容溪水、泉水流动的轻柔声音。,山涧里传来潺潺流水的声音。
颜色词汇-红色,万紫千红,形容百花齐放，色彩艳丽。,春天来了，公园里万紫千红。
颜色词汇-红色,姹紫嫣红,形容各种花颜色鲜艳。,花园里姹紫嫣红，美不胜收。
颜色词汇-红色,红彤彤,形容很红，红得发亮。,太阳红彤彤的，像一个大火球。
颜色词汇-红色,红艳艳,形容红得鲜艳夺目。,红艳艳的杜鹃花开满了山坡。
颜色词汇-红色,粉红,红和白混合的颜色，淡红色。,粉红的桃花开满了枝头。
颜色词汇-红色,火红火红,像火一样红，非常鲜艳。,秋天到了，枫叶火红火红的。
颜色词汇-绿色,翠色欲流,翠绿的颜色好像要流出来一样，形容绿得浓。,草原上翠色欲流，美极了。
颜色词汇-绿色,绿油油,形容颜色浓绿而有光泽。,春天的麦田绿油油的。
颜色词汇-绿色,碧绿碧绿,像碧玉一样的绿色。,湖水碧绿碧绿的，像一块翡翠。
颜色词汇-绿色,青翠欲滴,形容草木青翠鲜绿，像要滴出水来。,雨后的竹林青翠欲滴。
颜色词汇-绿色,嫩绿,像刚长出来的树叶那样的浅绿色。,春天柳树发出了嫩绿的新芽。
颜色词汇-蓝色,蔚蓝,像晴朗天空那样的蓝色。,蔚蓝的天空中飘着朵朵白云。
颜色词汇-蓝色,瓦蓝瓦蓝,形容天蓝色，像瓦片一样蓝。,雨后的天空瓦蓝瓦蓝的。
颜色词汇-蓝色,深蓝,很深很浓的蓝色。,深蓝的海水一望无际。
颜色词汇-蓝色,湛蓝,形容天空或海水的蓝色很深很纯净。,湛蓝的天空上有一群大雁飞过。
颜色词汇-黄色,金灿灿,形容像金子一样发亮的黄色。,秋天稻田里金灿灿的，一片丰收景象。
颜色词汇-黄色,黄澄澄,形容金黄色，非常好看。,橘子黄澄澄的，挂满了枝头。
颜色词汇-黄色,金黄,像金子一样的黄色。,金黄的落叶铺满了小路。
颜色词汇-白色,白茫茫,形容一望无际的白，多指雪、雾。,下雪后，大地白茫茫的一片。
颜色词汇-白色,雪白,像雪一样的洁白。,雪白的棉花堆满了仓库。
颜色词汇-白色,洁白无瑕,非常白净，没有一点瑕疵。,洁白的雪花从天上飘落下来。
颜色词汇-白色,银白,像银子一样白而发亮。,银白的月光洒在大地上。
颜色词汇-黑色,黑乎乎,形容颜色很黑，看不清。,山洞里黑乎乎的，什么都看不见。
颜色词汇-黑色,乌黑,非常黑，黑得发亮。,她有一头乌黑的长发。
颜色词汇-黑色,漆黑,形容非常黑暗，一点光都没有。,停电了，周围一片漆黑。
颜色词汇-多彩,五彩缤纷,形容颜色非常多，非常好看。,节日的烟花五彩缤纷。
颜色词汇-多彩,五颜六色,形容颜色很多很鲜艳。,花园里五颜六色的花都开了。
颜色词汇-多彩,绚丽多彩,灿烂美丽，色彩丰富。,晚霞绚丽多彩，美不胜收。
颜色词汇-多彩,色彩斑斓,形容颜色很多，灿烂多彩。,孔雀开屏时色彩斑斓，特别好看。
颜色词汇-多彩,花红柳绿,花是红的柳是绿的，形容春天景色。,春天花红柳绿，到处生机勃勃。
颜色词汇-多彩,光彩夺目,色彩鲜艳耀眼。,钻石在灯光下光彩夺目。
味道气味-甜,甜丝丝,形容有甜味，或心里感到甜蜜。,西瓜甜丝丝的，特别好吃。
味道气味-甜,甘甜可口,又甜又好吃，形容食物味道好。,山泉水甘甜可口。
味道气味-甜,香甜可口,又香又甜，非常好吃。,妈妈做的蛋糕香甜可口。
味道气味-酸,酸溜溜,形容酸的味道或酸的感觉。,醋是酸溜溜的。
味道气味-酸,酸甜可口,又酸又甜，很好吃。,糖醋排骨酸甜可口。
味道气味-苦,苦不堪言,苦得说不出来，形容非常苦。,中药苦不堪言，但良药苦口。
味道气味-苦,苦涩,又苦又涩的味道。,这个柿子还没熟，吃起来很苦涩。
味道气味-辣,火辣辣,形容像火一样辣的感觉。,火锅吃得我嘴里火辣辣的。
味道气味-辣,辛辣,味道辣而刺激。,他喜欢吃辛辣的食物。
味道气味-鲜,鲜美可口,味道鲜美，很好吃。,鱼汤鲜美可口，我一连喝了两碗。
味道气味-鲜,鲜嫩多汁,形容食物又鲜又嫩，汁水很多。,这个桃子鲜嫩多汁。
味道气味-鲜,回味无穷,吃完后还在回味，形容味道非常好。,妈妈做的红烧肉让人回味无穷。
味道气味-香,芳香四溢,香气向四处飘散。,花园里芳香四溢，引来很多蝴蝶。
味道气味-香,清香扑鼻,清雅的香味直往鼻子里钻。,雨后空气清新，花香更是清香扑鼻。
味道气味-香,香气袭人,香味扑面而来，让人感到舒服。,满树的桂花香气袭人。
味道气味-香,浓郁醇香,形容气味浓厚，味道纯正。,咖啡的浓郁醇香充满了整个屋子。
味道气味-淡,清淡爽口,味道清淡，吃起来很爽快。,夏天吃凉拌黄瓜，清淡爽口。
味道气味-淡,淡而无味,味道太淡，没有滋味。,这道菜盐放少了，淡而无味。
味道气味-浓,浓郁芬芳,形容香气浓厚。,这瓶香水浓郁芬芳。
味道气味-浓,浓香四溢,浓郁的香气四处飘散。,烤肉店浓香四溢，路过的人都忍不住停下来。
味道气味-臭,臭气熏天,臭味非常大，熏得人受不了。,垃圾堆臭气熏天。
味道气味-臭,腥臭难闻,又腥又臭，非常难闻。,鱼摊上散发出一股腥臭味。
味道气味-美味,垂涎欲滴,馋得口水都快滴下来了。,看到满桌的菜，我垂涎欲滴。
味道气味-美味,大饱口福,好好地吃了一顿，非常满足。,今天去自助餐大饱口福。
味道气味-美味,秀色可餐,形容女子或景色非常美，也形容食物好看。,这道菜摆盘精美，真是秀色可餐。
味道气味-美味,津津有味,吃得很有滋味，很有兴趣。,他津津有味地吃着妈妈包的饺子。
味道气味-美味,脍炙人口,比喻好的事物人人称赞。,这个故事脍炙人口，很多人都知道。
味道气味-美味,饕餮大餐,非常丰盛的大餐。,过年的时候，全家人一起享用饕餮大餐。
表示看,注视,注意地看。,他注视着黑板上的每一个字。
表示看,凝视,集中注意力长时间地看。,他凝视着远方，好像在思考什么。
表示看,眺望,从高处向远处看。,站在山顶眺望，整个城市尽收眼底。
表示看,俯视,从高处往下看。,从飞机上俯视，地上的房子像积木一样。
表示看,仰望,抬起头向上看。,我们仰望星空，寻找北斗星。
表示看,环视,向四周看。,老师环视了一下教室，开始上课。
表示看,扫视,目光很快地向周围看。,他扫视了一遍试卷，开始答题。
表示看,怒视,愤怒地看。,他怒视着那个说谎的人。
表示看,打量,上下仔细地看一个人。,妈妈上下打量着我，说我长高了。
表示看,浏览,粗略地看，不仔细。,我浏览了一下报纸的标题。
表示看,观察,仔细地看，了解情况。,我们要仔细观察小动物的生活习性。
表示看,张望,向四周或远处看。,他在门口张望，等着朋友到来。
表示看,瞻仰,恭敬地看。,我们去烈士陵园瞻仰英雄纪念碑。
表示看,偷瞄,偷偷地看。,他偷瞄了同桌的答案一眼。
表示看,目不转睛,一眨不眨地盯着看。,他目不转睛地看着电视。
表示看,东张西望,到处乱看。,在街上不要东张西望，要注意交通安全。
表示说,讲述,把事情或道理说出来。,爷爷正在讲述他年轻时的故事。
表示说,描述,用语言把事物的形象说出来。,他生动地描述了这次旅行的经历。
表示说,叙述,把事情的前后经过说清楚。,他把事情的经过详细地叙述了一遍。
表示说,讨论,大家互相发表意见。,我们正在讨论周末去哪里玩。
表示说,议论,对人或事发表意见。,大家对这件事议论纷纷。
表示说,唠叨,说个不停，翻来覆去地说。,妈妈又在唠叨我收拾房间了。
表示说,叮嘱,再三嘱咐。,妈妈叮嘱我路上注意安全。
表示说,吩咐,口头指派或命令。,老师吩咐我们把作业交上去。
表示说,交流,互相沟通，交换意见。,同学们在一起交流学习经验。
表示说,商量,交换意见，一起讨论。,我们正在商量明天春游的事。
表示说,反驳,说出自己的理由来否定别人的意见。,他有力地反驳了对方的观点。
表示说,辩论,双方各执一词，说明自己的道理。,双方就这个问题进行了激烈的辩论。
表示说,劝告,用道理劝人改正错误或接受意见。,我劝告他不要这样做。
表示说,称赞,用语言表达对人或事物的喜爱和赞美。,老师称赞我学习进步了。
表示说,欢呼,欢乐地呼喊。,胜利的消息传来，大家欢呼起来。
表示说,倾诉,把心里的话完全说出来。,她向我倾诉了自己的烦恼。
表示说,发誓,庄严地说出表示决心的话。,他发誓一定要好好学习。
表示说,抱怨,心中不满，诉说别人的不对。,他不停地抱怨天气太热了。
表示说,撒谎,故意说假话。,他因为撒谎被妈妈批评了。
表示说,道歉,表示歉意，认错。,他为自己的迟到向大家道歉。
表示叫,大喊,大声叫喊。,"他大喊一声：""加油！"""
表示叫,狂叫,疯狂地叫喊。,球迷们狂叫着为球队助威。
表示叫,吼叫,发出很大的吼声。,狮子发出震天的吼叫。
表示叫,尖叫,尖声叫喊。,看到蟑螂，她尖叫起来。
表示叫,嚎叫,大声地叫，多指动物。,狼在夜里嚎叫。
表示叫,呼喊,大声喊叫，多用于求救或呼唤。,他大声呼喊着小明的名字。
表示叫,啼叫,鸟类的叫声。,公鸡早早地啼叫，叫醒了沉睡的人们。
表示叫,呼唤,大声叫喊，让人过来。,妈妈在远处呼唤我吃饭。
表示叫,叫嚷,大声喊叫吵闹。,孩子们在一旁叫嚷着要出去玩。
表示叫,嘶鸣,马等动物长声叫。,战马发出阵阵嘶鸣。
表示叫,咆哮,愤怒地大声叫喊。,暴风雨中的大海在咆哮。
表示叫,鸣叫,鸟兽或昆虫叫。,小鸟在枝头欢快地鸣叫。
表示叫,呐喊,大声喊叫助威。,我们在场边呐喊助威。
表示叫,长啸,拉长声音大声叫。,山风呼啸，像巨龙在长啸。
书写类,下笔成文,一下笔就能写成文章，形容文思敏捷。,他下笔成文，很快写完了作文。
书写类,妙笔生花,形容文笔好，写出的文章很美。,他妙笔生花，把平凡的景色写得美极了。
书写类,信笔涂鸦,随意乱写乱画。,弟弟在墙上信笔涂鸦。
书写类,笔走龙蛇,形容书法笔势矫健有力，像龙蛇飞舞。,爷爷的书法笔走龙蛇，非常潇洒。
书写类,一挥而就,一动笔就写成了，形容写作或绘画很快。,他文思敏捷，一挥而就写完了文章。
书写类,字如其人,字写得怎么样，可以看出人的性格。,他的字工工整整的，真是字如其人。
写作类,开门见山,比喻说话或写文章一开头就直奔主题。,这篇文章开门见山，直接点明了观点。
写作类,画龙点睛,比喻在关键的地方用一两句话点明主旨。,文章的结尾画龙点睛，让人印象深刻。
写作类,步步深入,一步一步地进入更深的层次。,他分析问题步步深入，很有条理。
写作类,条理清晰,思路清楚，层次分明。,这篇作文条理清晰，结构完整。
写作类,详略得当,详细的地方和简略的地方安排得合适。,他的文章详略得当，重点突出。
写作类,首尾呼应,开头和结尾互相照应。,这篇文章首尾呼应，结构非常完整。
写作类,引经据典,引用经典著作中的话作为依据。,他的演讲引经据典，很有说服力。
写作类,紧扣主题,紧紧扣住文章的主题来写。,全文紧扣主题，没有一句废话。
写作类,有血有肉,形容文章内容丰富，不空洞。,这篇作文写得很真实，有血有肉。
写作类,感情真挚,感情真实诚恳。,文章感情真挚，读来让人感动。
写作类,语言优美,用词用语很优美，有文学色彩。,这篇散文语言优美，读来是一种享受。
写作类,构思巧妙,文章的结构和思路设计得巧妙。,这篇文章构思巧妙，结尾让人意想不到。
写作类,比喻恰当,比喻用得贴切准确。,文中比喻恰当，让景物描写非常生动。
写作类,表达流畅,语言表达通顺自然。,他的英语作文表达流畅，几乎没有语法错误。
写作类,层次分明,文章的层次清楚明白。,写景作文要注意层次分明。
写作类,内容充实,文章的内容丰富。,这篇文章内容充实，读后很有收获。
写作类,生动形象,写得很生动，像真的一样。,他的人物描写非常生动形象。
写作类,条理分明,非常有条理，很清楚。,他的发言条理分明，大家都听懂了。
成语归类-数字,一心一意,形容专心致志，没有其他念头。,他做作业一心一意，从不分心。
成语归类-数字,三心二意,形容心思不专，意志不坚定。,做事不能三心二意，要坚持到底。
成语归类-数字,四面八方,各个方向，到处。,同学们从四面八方赶来参加校庆。
成语归类-数字,五颜六色,颜色很多，非常好看。,教室里挂满了五颜六色的气球。
成语归类-数字,七嘴八舌,很多人都在说话，你一言我一语。,大家七嘴八舌地讨论着比赛结果。
成语归类-数字,九牛一毛,很多牛身上的一根毛，比喻极少。,这点钱对他来说只是九牛一毛。
成语归类-数字,十全十美,各方面都非常完美，没有一点缺点。,世界上没有十全十美的人。
成语归类-数字,百发百中,形容射箭或射击非常准，每发必中。,他投篮百发百中，是队里的得分王。
成语归类-数字,千辛万苦,各种各样的辛苦和艰难。,父母千辛万苦把我们养大。
成语归类-数字,万紫千红,形容花开得非常茂盛，颜色绚丽。,春天的花园万紫千红。
成语归类-动物,守株待兔,比喻不劳而获或死守经验不知变通。,我们不要守株待兔，要主动去争取。
成语归类-动物,亡羊补牢,出了问题以后想办法补救，防止继续损失。,虽然这次考得不好，但亡羊补牢还为时不晚。
成语归类-动物,画蛇添足,比喻做了多余的事，反而不好。,这个故事已经讲完了，再加一句就是画蛇添足了。
成语归类-动物,狐假虎威,比喻仗着别人的势力来欺压人。,他仗着哥哥是班长就狐假虎威。
成语归类-动物,井底之蛙,比喻见识狭窄的人。,我们要多读书，不要做井底之蛙。
成语归类-动物,鸟语花香,鸟儿唱歌，花儿飘香，形容春天美景。,春天的公园鸟语花香。
成语归类-动物,鸡飞狗跳,鸡飞狗也跳，形容非常慌乱。,教室里被闹得鸡飞狗跳。
成语归类-动物,叶公好龙,比喻口头上爱好，实际上并不是真爱好。,他说喜欢看书，却一本也没看完，真是叶公好龙。
成语归类-动物,对牛弹琴,比喻说话不看对象，或对不懂道理的人讲道理。,跟他讲这些等于对牛弹琴。
成语归类-动物,鹤立鸡群,像鹤站在鸡群中，比喻一个人的才能或仪表很出众。,他的个子在同学中鹤立鸡群。
成语归类-动物,画龙点睛,比喻在关键的地方用一两句话点明要旨。,结尾这句话起到了画龙点睛的作用。
成语归类-动物,马到成功,形容事情顺利，一开始就取得成功。,祝你在比赛中马到成功！
成语归类-动物,龙飞凤舞,形容书法笔势有力，灵活舒展。,他的字龙飞凤舞，很有气势。
成语归类-动物,鼠目寸光,比喻目光短浅，只看眼前。,我们要目光长远，不能鼠目寸光。
成语归类-动物,虎头蛇尾,比喻做事有始无终，开头很猛后来就松懈了。,他做事总是虎头蛇尾。
成语归类-动物,狼吞虎咽,形容吃东西又急又猛。,他饿极了，狼吞虎咽地吃了起来。
成语归类-动物,龙腾虎跃,形容充满活力，矫健有力。,操场上同学们龙腾虎跃，热火朝天。
成语归类-动物,惊弓之鸟,比喻受过惊吓的人遇到一点动静就非常害怕。,他被打怕了，像惊弓之鸟一样。
成语归类-动物,莺歌燕舞,黄莺歌唱，燕子飞舞，形容春天热闹的景象。,春天莺歌燕舞，一派生机。
成语归类-动物,如鱼得水,像鱼得到水一样，比喻得到适合自己的环境。,他在新学校如鱼得水。
成语归类-动物,鹏程万里,比喻前程远大。,祝你今后鹏程万里，前途无量。
成语归类-动物,鹦鹉学舌,像鹦鹉一样学人说话，比喻别人怎么说也跟着说。,他没有自己的见解，只会鹦鹉学舌。
成语归类-动物,螳臂当车,比喻不自量力。,你想一个人完成这个任务，简直是螳臂当车。
成语归类-动物,黔驴技穷,比喻有限的一点本领已经用完了。,办法都用完了，他已经黔驴技穷了。
成语归类-动物,狗急跳墙,比喻走投无路时不顾一切地行动。,被逼急了，他狗急跳墙，做出了傻事。
成语归类-人体,目瞪口呆,张着嘴说不出话，形容惊讶或害怕。,看到这个场景，我目瞪口呆。
成语归类-人体,眼花缭乱,看到纷繁复杂的东西感到迷乱。,商场里的商品让我眼花缭乱。
成语归类-人体,手舞足蹈,高兴得手脚都动起来了。,他高兴得手舞足蹈。
成语归类-人体,头头是道,说话或做事很有条理。,他分析问题头头是道。
成语归类-人体,耳聪目明,听得清楚，看得明白，形容头脑清楚。,爷爷年纪大了依然耳聪目明。
成语归类-人体,心花怒放,心里非常高兴。,听到这个消息，我心花怒放。
成语归类-人体,唇亡齿寒,嘴唇没了牙齿就会冷，比喻利害相关。,我们两个班级唇亡齿寒，要团结合作。
成语归类-人体,口是心非,嘴里说的和心里想的不一样。,他是个口是心非的人，不可信任。
成语归类-人体,手忙脚乱,做事慌乱没有条理。,快要迟到了，他手忙脚乱地收拾书包。
成语归类-人体,眼高手低,眼界高但能力低，做不好事。,我们要脚踏实地，不能眼高手低。
成语归类-人体,耳濡目染,经常听到看到，不知不觉受到影响。,在书香氛围中耳濡目染，他也很爱读书。
成语归类-人体,趾高气扬,走路脚抬得很高，神气十足，形容骄傲自满。,他得了第一名就趾高气扬的。
成语归类-人体,提心吊胆,形容非常担心害怕。,妈妈总是提心吊胆地等我放学回家。
成语归类-人体,张口结舌,张着嘴说不出话来。,他理亏词穷，张口结舌说不出话来。
成语归类-人体,愁眉苦脸,眉头紧锁，一脸痛苦的样子。,他愁眉苦脸地看着不及格的试卷。
成语归类-人体,眉飞色舞,形容非常得意或高兴。,他眉飞色舞地讲着旅行的趣事。
成语归类-人体,心服口服,从心里到嘴上都服气。,听了他的解释，我心服口服。
成语归类-人体,心血来潮,形容突然产生某种念头。,他心血来潮，想去爬山。
成语归类-人体,心平气和,心里平静，态度温和。,我们心平气和地谈一谈。
成语归类-人体,面不改色,脸色不变，形容非常镇定。,面对危险，他面不改色。
成语归类-近义,左顾右盼,左边看看右边看看，形容犹豫不决的样子。,他在路口左顾右盼。
成语归类-近义,东倒西歪,东倒西歪，形容不稳或杂乱的样子。,新栽的小树被风吹得东倒西歪。
成语归类-近义,前赴后继,前面的人上去，后面的人紧跟，形容奋勇向前。,战士们前赴后继，冲向敌人。
成语归类-近义,长吁短叹,长一声短一声地叹气。,他坐在那里长吁短叹。
成语归类-近义,丢盔弃甲,丢下盔甲和兵器逃跑，形容打败仗很狼狈。,敌人丢盔弃甲，狼狈地逃跑了。
成语归类-近义,甜言蜜语,为了讨好别人而说的好听的话。,不要被坏人的甜言蜜语迷惑。
成语归类-近义,眼疾手快,眼睛锐利，动作敏捷。,他眼疾手快地接住了掉下来的书。
成语归类-近义,高瞻远瞩,站得高看得远，比喻目光长远。,领导要有高瞻远瞩的眼光。
成语归类-近义,风调雨顺,风雨适合，形容年成好。,今年风调雨顺，粮食丰收。
成语归类-近义,兴国安邦,使国家兴盛安定。,我们努力学习是为了将来兴国安邦。
成语归类-反义,七上八下,形容心里慌乱不安。,等待结果时，我的心七上八下的。
成语归类-反义,柳暗花明,比喻在困境中看到希望。,经过努力，他的学习终于柳暗花明。
成语归类-反义,左顾右盼,左边看看右边看看。,走在陌生的街上，他左顾右盼。
成语归类-反义,深入浅出,用浅显的语言表达深刻的道理。,老师讲课深入浅出，我们都听懂了。
成语归类-反义,舍近求远,放弃近的去追求远的，做事走弯路。,你这样做不是舍近求远吗？
成语归类-反义,扬长避短,发挥长处，避开短处。,我们要学会扬长避短。
成语归类-反义,先苦后甜,先吃苦才能享受甜。,学习是先苦后甜的事。
成语归类-反义,取长补短,吸取别人的长处来弥补自己的短处。,同学之间要互相取长补短。
成语归类-反义,出生入死,形容冒着生命危险。,消防员出生入死地救人。
成语归类-反义,惊天动地,形容声音或影响极大。,这是一件惊天动地的大事。
成语归类-反义,左邻右舍,左右的邻居。,我家左邻右舍都很友好。
成语归类-反义,里应外合,外面攻打，里面接应。,他们约定里应外合，一举拿下。
成语归类-反义,天翻地覆,形容变化极大。,这些年家乡发生了天翻地覆的变化。
成语归类-反义,东张西望,到处乱看。,上课不要东张西望。
成语归类-反义,争先恐后,抢着向前，生怕落后。,同学们争先恐后地举手发言。
成语归类-反义,顶天立地,头顶天脚踩地，形容英雄气概。,我们要做一个顶天立地的人。
成语归类-反义,异口同声,大家说得一样。,"大家异口同声地说：""好！"""
成语归类-反义,南辕北辙,行动和目的相反。,你的做法和目标南辕北辙。
成语归类-反义,前因后果,事情的原因和结果。,他把事情的前因后果说清楚了。
成语归类-AABB,高高兴兴,形容非常高兴的样子。,我们高高兴兴地春游去了。
成语归类-AABB,快快乐乐,形容非常快乐。,愿小朋友们快快乐乐地成长。
成语归类-AABB,平平安安,平安无事。,祝大家平平安安回家。
成语归类-AABB,干干净净,非常干净。,我们把教室打扫得干干净净。
成语归类-AABB,认认真真,形容非常认真。,他认认真真地写完每一个字。
成语归类-AABB,仔仔细细,非常仔细。,我仔仔细细地检查了一遍。
成语归类-AABB,热热闹闹,非常热闹。,大街上热热闹闹的。
成语归类-AABB,清清楚楚,非常清楚明白。,老师讲得清清楚楚。
成语归类-AABB,明明白白,非常明白。,我们已经把事情弄得很明明白白了。
成语归类-AABB,慌慌张张,慌乱紧张的样子。,他慌慌张张地跑进了教室。
成语归类-AABB,吞吞吐吐,说话不顺畅，想说又不敢说。,他吞吞吐吐地交代了事情的真相。
成语归类-AABB,浩浩荡荡,形容气势浩大。,游行队伍浩浩荡荡地前进。
成语归类-AABB,风风火火,形容急急忙忙的样子。,他风风火火地赶到了学校。
成语归类-AABB,形形色色,各种各样。,街上形形色色的人来来往往。
成语归类-AABB,勤勤恳恳,勤劳踏实的样子。,爸爸勤勤恳恳地工作了一辈子。
成语归类-AABB,兢兢业业,形容做事小心谨慎，认真负责。,老师兢兢业业地教了一辈子书。
成语归类-AABB,隐隐约约,看不清楚，听不清楚的样子。,远处隐隐约约传来歌声。
成语归类-AABB,轰轰烈烈,形容声势浩大。,我们轰轰烈烈地干了一场。
成语归类-AABB,匆匆忙忙,急急忙忙的样子。,他匆匆忙忙地吃了早饭就上学去了。
成语归类-AABB,认认真真,认真负责的样子。,要认认真真地对待每一次考试。
成语归类-AABC,津津有味,很有兴趣，很有滋味。,他津津有味地读着课外书。
成语归类-AABC,津津乐道,很有兴趣地谈论。,大家津津乐道地谈论着这件事。
成语归类-AABC,念念不忘,一直记在心里，不忘掉。,我对老师的教导念念不忘。
成语归类-AABC,井井有条,形容非常有条理，不杂乱。,他的房间整理得井井有条。
成语归类-AABC,翩翩起舞,轻快地跳舞。,蝴蝶在花丛中翩翩起舞。
成语归类-AABC,楚楚可怜,形容神态凄惨或可爱，让人怜惜。,小猫咪楚楚可怜地叫着。
成语归类-AABC,孜孜不倦,勤奋努力，不知疲倦。,他孜孜不倦地学习。
成语归类-AABC,济济一堂,许多人聚集在一起。,大家济济一堂，共庆佳节。
成语归类-AABC,欣欣向荣,形容草木茂盛，事业蓬勃发展。,春天来了，万物欣欣向荣。
成语归类-AABC,窃窃私语,私下里小声交谈。,她们两个在角落里窃窃私语。
成语归类-AABC,滔滔不绝,说话连续不断。,他谈起足球来滔滔不绝。
成语归类-AABC,遥遥领先,远远地领先。,他的成绩在班上遥遥领先。
成语归类-AABC,惴惴不安,形容因为担心害怕而不安。,走出考场，我惴惴不安地等着成绩。
成语归类-AABC,花团锦簇,形容花色繁多，非常华丽。,公园里花团锦簇，美不胜收。
成语归类-AABC,蠢蠢欲动,形容准备开始行动或有所企图。,虫子们在春天蠢蠢欲动。
成语归类-AABC,步步高升,地位或职位逐步上升。,祝你在新的一年里步步高升！
成语归类-AABC,代代相传,一代一代地传下去。,这个习俗代代相传。
成语归类-AABC,循循善诱,善于有步骤地引导别人学习。,老师循循善诱，让同学们爱上了学习。
成语归类-AABC,勃勃生机,充满活力和生命力。,春天的大地充满了勃勃生机。
成语归类-AABC,栩栩如生,形容生动逼真，像活的一样。,画上的马栩栩如生。
成语归类-ABCC,得意洋洋,形容十分得意的样子。,他考了满分，得意洋洋地回家了。
成语归类-ABCC,千里迢迢,形容路途遥远。,他千里迢迢地从外地赶回来。
成语归类-ABCC,气势汹汹,形容气势凶猛，来势不好。,他气势汹汹地闯进来。
成语归类-ABCC,风尘仆仆,形容旅途奔波劳累的样子。,爸爸风尘仆仆地从外地出差回来。
成语归类-ABCC,大腹便便,形容肚子很大，肥胖的样子。,财主大腹便便的。
成语归类-ABCC,白发苍苍,头发花白，形容人年老。,白发苍苍的爷爷慈祥地笑着。
成语归类-ABCC,神采奕奕,精神饱满，容光焕发。,老爷爷虽然年纪大了，但神采奕奕。
成语归类-ABCC,生机勃勃,充满活力。,春天到处是生机勃勃的景象。
成语归类-ABCC,泪眼汪汪,眼里满是泪水。,她泪眼汪汪地看着我。
成语归类-ABCC,气喘吁吁,呼吸急促，喘个不停。,他跑得气喘吁吁的。
成语归类-ABCC,威风凛凛,使人敬畏的声势或气派。,狮子威风凛凛地走来走去。
成语归类-ABCC,忠心耿耿,形容非常忠诚。,小狗对主人忠心耿耿。
成语归类-ABCC,想入非非,脱离实际地胡思乱想。,他整天想入非非，不好好学习。
成语归类-ABCC,兴致勃勃,兴趣浓厚，很有兴趣。,我们兴致勃勃地出发了。
成语归类-ABCC,金光闪闪,金光闪烁，非常耀眼。,奖杯金光闪闪的。
成语归类-神话故事,精卫填海,比喻意志坚决，不畏艰难。,学习要有精卫填海的精神。
成语归类-神话故事,开天辟地,古代传说盘古开辟天地，指有史以来第一次。,这是开天辟地以来第一次见到。
成语归类-神话故事,八仙过海,比喻各自拿出本领，互相比赛。,同学们八仙过海，各显神通。
成语归类-神话故事,火眼金睛,形容眼光锐利，能看穿一切。,孙悟空有火眼金睛。
成语归类-寓言故事,守株待兔,比喻不劳而获或死守经验。,我们不能守株待兔，要主动出击。
成语归类-寓言故事,掩耳盗铃,比喻自己欺骗自己。,他明知道错了还不承认，简直是掩耳盗铃。
成语归类-寓言故事,亡羊补牢,出了问题后及时补救。,虽然考得不好，现在开始亡羊补牢还来得及。
成语归类-寓言故事,画蛇添足,做了多余的事，反而不好。,文章写完就可以了，再加就是画蛇添足。
成语归类-寓言故事,坐井观天,比喻见识狭窄。,我们要多出去走走，不能坐井观天。
成语归类-寓言故事,狐假虎威,仗着别人的势力来吓唬人。,他总用爸爸来压人，真是狐假虎威。
成语归类-寓言故事,刻舟求剑,比喻办事刻板，不知变通。,时代变了，方法也要变，不能刻舟求剑。
成语归类-寓言故事,叶公好龙,表面上爱好，实际上不是真喜欢。,他说爱读书却不读一本，是叶公好龙。
成语归类-寓言故事,自相矛盾,说话或行事前后互相抵触。,他的话前后自相矛盾。
成语归类-寓言故事,滥竽充数,没有真本事混在行家里面充数。,考试可不能滥竽充数。
成语归类-寓言故事,对牛弹琴,比喻对不懂道理的人讲道理。,跟他说这些，简直是对牛弹琴。
成语归类-寓言故事,鹤蚌相争渔翁得利,双方相争，让第三方得了利。,你们不要吵了，小心鹤蚌相争渔翁得利。
成语归类-历史故事,三顾茅庐,比喻真心诚意地一再邀请。,他三顾茅庐才请到了这位老师。
成语归类-历史故事,望梅止渴,比喻用想象安慰自己。,他饿的时候就看美食图片，望梅止渴。
成语归类-历史故事,负荆请罪,表示诚恳地认错道歉。,他主动负荆请罪，取得了大家的原谅。
成语归类-历史故事,完璧归赵,把东西完好地归还原主。,这本书我看完了一定完璧归赵。
成语归类-历史故事,卧薪尝胆,形容刻苦自励，发奋图强。,他卧薪尝胆，努力了一年终于考上了好学校。
成语归类-历史故事,纸上谈兵,空谈理论，不能解决实际问题。,我们不能纸上谈兵，要多实践。
成语归类-历史故事,四面楚歌,比喻四面受敌，孤立无援。,他众叛亲离，陷入了四面楚歌的境地。
成语归类-历史故事,项庄舞剑意在沛公,比喻言行别有用心。,他说这话是项庄舞剑意在沛公。
成语归类-历史故事,程门立雪,形容尊敬老师，诚恳求教。,我们学习需要程门立雪的精神。
成语归类-历史故事,闻鸡起舞,形容勤奋努力，有志向。,他每天闻鸡起舞，坚持早读。
成语归类-历史故事,草木皆兵,形容惊慌失措，疑神疑鬼。,他吓得草木皆兵，以为到处是坏人。
成语归类-历史故事,破釜沉舟,下定决心，一拼到底。,他们破釜沉舟，誓要取得胜利。
成语归类-历史故事,指鹿为马,故意颠倒黑白，混淆是非。,他指鹿为马，大家敢怒不敢言。
成语归类-历史故事,入木三分,形容书法或议论深刻有力。,他的分析入木三分，让人佩服。
成语归类-历史故事,铁杵成针,比喻做事有恒心，再难也能成功。,只要功夫深，铁杵成针。
成语归类-历史故事,手不释卷,手里总是拿着书，形容好学。,他手不释卷，最终考上了好大学。
成语归类-修辞-比喻,泪如雨下,眼泪像下雨一样流下来。,听到消息，她泪如雨下。
成语归类-修辞-比喻,稳如泰山,像泰山一样稳固。,我军阵地稳如泰山。
成语归类-修辞-比喻,冰清玉洁,像冰一样清透，像玉一样洁白。,她有着冰清玉洁的品质。
成语归类-修辞-比喻,门庭若市,门前像集市一样热闹。,新年期间，商场门庭若市。
成语归类-修辞-比喻,如获至宝,像得到最珍贵的宝物一样。,他拿到那本书如获至宝。
成语归类-修辞-比喻,光阴似箭,时间像箭一样过得飞快。,光阴似箭，一转眼就毕业了。
成语归类-修辞-比喻,日月如梭,时间像织布的梭子一样过得飞快。,日月如梭，一年很快就过去了。
成语归类-修辞-比喻,胆小如鼠,像老鼠一样胆小。,他胆小如鼠，什么都怕。
成语归类-修辞-比喻,柔情似水,像水一样温柔。,妈妈的柔情似水。
成语归类-修辞-比喻,光阴似箭,时间过得飞快。,光阴似箭，我们要珍惜时间。
成语归类-修辞-夸张,一步登天,一步就登上天，比喻一下子达到很高的地位。,学习要一步一个脚印，不能想一步登天。
成语归类-修辞-夸张,怒发冲冠,气得头发都竖起来把帽子顶起来了。,听到这个消息，他怒发冲冠。
成语归类-修辞-夸张,一日三秋,一天不见就像过了三年，形容思念之深。,好朋友转学了，我真是一日三秋地想念他。
成语归类-修辞-夸张,千钧一发,千钧的重量系在一根头发上，比喻非常危急。,就在千钧一发之际，他冲了过去。
成语归类-修辞-夸张,气吞山河,气势可以吞掉高山和大河。,大军气吞山河。
成语归类-修辞-夸张,惊天动地,形容声音或影响极大。,这一声巨响惊天动地。
成语归类-修辞-夸张,一尘不染,连一点灰尘都没有，形容非常干净或品格高尚。,他的心灵一尘不染。
成语归类-修辞-夸张,一字千金,一个字值千金，形容文章或书法价值高。,他的书法一字千金。
成语归类-修辞-夸张,一泻千里,形容水流得又快又远，也形容文笔奔放。,他的文章气势一泻千里。
成语归类-修辞-夸张,度日如年,过一天像过一年一样，形容日子很煎熬。,生病的日子真是度日如年。
成语归类-修辞-拟人,鸟语花香,鸟儿说话花儿飘香，形容春天的美景。,春天的公园鸟语花香。
成语归类-修辞-拟人,莺歌燕舞,黄莺唱歌燕子跳舞，形容生机勃勃。,春天莺歌燕舞，多么美好。
成语归类-修辞-拟人,百花争艳,百花争着比谁更美。,春天百花争艳。
成语归类-修辞-拟人,春风化雨,春风和雨水滋养万物，比喻良好的教育。,老师的教诲如春风化雨。
成语归类-修辞-拟人,龙飞凤舞,像龙飞起来像凤舞动，形容书法笔势有力。,他的书法龙飞凤舞。
成语归类-修辞-拟人,青山绿水,青山像在微笑，绿水像在唱歌。,家乡青山绿水，风景优美。
成语归类-修辞-拟人,风和日丽,微风温柔，太阳美丽。,今天是风和日丽的好天气。
成语归类-修辞-拟人,云开雾散,云雾散开，天气转晴。,云开雾散后，太阳露出了笑脸。
成语归类-修辞-拟人,海枯石烂,海水枯干石头腐烂，形容时间长久。,我们的友谊海枯石烂也不会变。
成语归类-修辞-拟人,花好月圆,花正好月正圆，比喻美好圆满。,祝你们花好月圆，幸福美满。
学习类,专心致志,集中精神，专心做一件事。,他专心致志地读着课外书。
学习类,全神贯注,全部精神集中在一点上。,他全神贯注地听老师讲课。
学习类,聚精会神,集中精神，专注地做某事。,同学们聚精会神地听讲。
学习类,勤奋好学,学习勤奋努力。,他是一个勤奋好学的好学生。
学习类,学而不厌,学习总不满足，形容好学。,他学而不厌，精益求精。
学习类,学无止境,学习没有尽头。,学无止境，我们要活到老学到老。
学习类,不耻下问,不以向不如自己的人请教为耻。,他学习好还不耻下问。
学习类,温故知新,复习旧知识可以学到新知识。,温故知新，才能不断进步。
学习类,举一反三,举出一个例子就能推出其他类似情况。,他善于举一反三，学习效率很高。
学习类,循序渐进,按照一定的步骤逐渐深入或提高。,学习要循序渐进，不能急于求成。
学习类,融会贯通,把各方面知识融合起来全面理解。,他能够融会贯通地运用所学知识。
学习类,如饥似渴,像饿了渴了一样迫切地学习。,他如饥似渴地汲取新知识。
学习类,笨鸟先飞,能力差的人提前努力。,他笨鸟先飞，每天早起背书。
学习类,刻苦钻研,非常刻苦地深入研究。,科学家们刻苦钻研，终于取得了突破。
学习类,学海无涯,学问的海洋没有边际。,学海无涯，我们要不断探索。
学习类,开卷有益,打开书本就有好处，鼓励多读书。,开卷有益，我们要多读好书。
学习类,勤能补拙,勤奋可以弥补天资的不足。,他相信勤能补拙，一直很努力。
学习类,厚积薄发,充分积累，然后慢慢释放出来。,他平时积累了很多素材，这次作文厚积薄发。
学习类,求学好问,追求学问，喜欢提问。,他求学好问，经常追着老师问问题。
学习类,学以致用,学了要会用，理论联系实际。,知识要学以致用。
时间类,光阴似箭,时间像箭一样过得飞快。,光阴似箭，我们一定要珍惜时间。
时间类,日月如梭,时间像梭子一样穿梭而过。,日月如梭，转眼已是一年。
时间类,岁月如流,岁月像流水一样一去不返。,岁月如流，我们要珍惜当下。
时间类,一刻千金,一刻钟值千金，形容时间宝贵。,高考在即，一刻千金。
时间类,度日如年,过一天像过一年，形容日子难过。,生病住院的日子真是度日如年。
时间类,一日三秋,一天不见就像过了三年。,好朋友转学了，我真是一日三秋地想念。
时间类,白驹过隙,像小白马在缝隙前一闪而过，形容时间过得快。,时间如白驹过隙，转眼就毕业了。
时间类,争分夺秒,一分一秒都不放过，形容抓紧时间。,考试时要争分夺秒地答题。
时间类,分秒必争,连一分一秒都要争取。,我们要分秒必争地学习。
时间类,天长日久,形容时间很长。,天长日久，我们成了最好的朋友。
时间类,长年累月,长年累月，形容时间很久。,他长年累月地坚持练琴。
时间类,日积月累,一天天一月月地积累。,知识需要日积月累。
时间类,年复一年,一年又一年。,年复一年，小树长成了大树。
时间类,昼夜不停,白天黑夜都不停歇。,机器昼夜不停地运转着。
时间类,通宵达旦,一整夜到天亮。,为了完成任务，他通宵达旦地工作。
时间类,周而复始,一圈又一圈地循环。,四季周而复始，循环不息。
植物描写-水果,硕果累累,果实又多又大。,秋天果园里硕果累累。
植物描写-水果,汁水丰盈,形容水果很多水分。,水蜜桃汁水丰盈，咬一口满嘴都是甜水。
植物描写-水果,酸甜可口,又酸又甜，很好吃。,葡萄酸甜可口。
植物描写-水果,果香四溢,水果的香味四处飘散。,果园里果香四溢。
植物描写-水果,挂满枝头,果实很多，把树枝都压弯了。,苹果树上挂满枝头。
繁荣景象,欣欣向荣,形容事物蓬勃发展。,我们的祖国欣欣向荣。
繁荣景象,蒸蒸日上,形容事业一天天向上发展。,他的学习成绩蒸蒸日上。
繁荣景象,热火朝天,形容群众性的活动情绪热烈。,工地上热火朝天地忙碌着。
繁荣景象,如火如荼,形容气势旺盛，气氛热烈。,运动会的准备工作进行得如火如荼。
繁荣景象,车水马龙,车马很多，形容热闹繁华。,大街上车水马龙。
繁荣景象,人山人海,形容人非常多。,国庆节的广场人山人海。
繁荣景象,川流不息,像流水一样连续不断。,高速公路上车辆川流不息。
繁荣景象,门庭若市,门前像集市一样热闹。,这家店开业那天门庭若市。
繁荣景象,高朋满座,高贵的宾客坐满了座位。,宴会上高朋满座。
繁荣景象,座无虚席,座位没有空的，形容人多。,电影院座无虚席。
